account_id,credit_limit,sex,education,marriage,age,repay_status_1,repay_status_2,repay_status_3,repay_status_4,repay_status_5,repay_status_6,bill_amt_1,bill_amt_2,bill_amt_3,bill_amt_4,bill_amt_5,bill_amt_6,pay_amt_1,pay_amt_2,pay_amt_3,pay_amt_4,pay_amt_5,pay_amt_6,default_next_month,utilization,avg_utilization_6m,payment_ratio_6m,worst_delinquency_6m,avg_delinquency_6m,months_delinquent_6m,delinquency_trend,age_band,pd_score,lgd_assumption,ead,expected_loss,risk_band
2765,50000,1,4,2,41,1,4,0,3,0,3,15789.31,20304.79,25656.26,29825.23,9513.35,18097.01,3875.22,6201.87,4668.08,3320.91,5565.28,2960.46,1,0.3157862,0.3972865,0.2231120362760879,4,1.8333333333333333,4,-0.3333333333333332,36-45,0.5283076488821695,0.6,50000,15849.229466465084,Severe
4768,20000,1,2,1,35,-1,3,1,3,3,4,791.32,3409.31,9632.72,11520.07,8742.93,495.05,802.75,1443.8,2100.59,836.88,2579.65,1030.1,1,0.039566,0.2882616666666667,0.2542183895419093,4,2.1666666666666665,5,-2.333333333333333,26-35,0.4581267852074983,0.6,20000,5497.521422489979,Severe
3815,90000,2,3,3,41,3,4,3,0,0,-1,27119.21,7963.62,29205.02,20391.6,52787.1,30877.26,11873.9,3196.95,10740.65,1164.81,7751.49,4047.2,0,0.3013245555555555,0.3117477962962963,0.2303321993247034,4,1.5,3,3.666666666666667,36-45,0.5125369309881997,0.6,90000,27676.994273362783,Severe
3500,90000,2,4,3,56,1,2,-1,2,0,-1,42238.67,25701.64,43146.84,2673.01,23625.97,34739.06,12162.18,6029.47,1786.58,2865.53,6169.73,12770.13,0,0.4693185555555555,0.3187503518518518,0.2427513369774639,2,0.5,3,0.3333333333333333,56+,0.3263936874183418,0.6,90000,17625.25912059046,High
2736,20000,1,2,3,32,3,2,3,0,-1,1,1200.51,529.51,11983.42,9188.62,3476.55,9268.48,1820.3,2914.85,2338.6,2137.12,1784.78,2376.61,0,0.0600255,0.2970590833333333,0.3751290778574072,3,1.3333333333333333,4,2.6666666666666665,26-35,0.2710272866028907,0.6,20000,3252.3274392346884,High
3923,90000,1,2,2,49,3,3,3,2,0,2,40941.88,5760.82,42477.13,21191.65,51046.03,14158.52,11120.65,1564.33,13352.44,2427.86,2029.07,12138.86,0,0.4549097777777777,0.3251407962962962,0.2428190795748144,3,2.1666666666666665,5,1.6666666666666667,46-55,0.4672470216003107,0.6,90000,25231.339166416776,Severe
2702,200000,2,2,1,39,1,-1,0,-1,-1,-1,57293.13,87800.95,49711.76,28937.82,97052.05,15688.09,17224.57,15383.73,13733.91,20851.88,19085.43,24016.1,1,0.2864656499999999,0.2804031666666667,0.3277887969643709,1,-0.5,1,1.0,36-45,0.1660371109659119,0.6,200000,19924.45331590944,High
1180,20000,2,1,2,61,3,3,1,-1,0,-1,3590.8,7118.27,6621.82,5931.17,10223.2,9003.74,403.73,1478.76,1829.74,744.6,2329.93,1518.71,0,0.17954,0.354075,0.1954734166490151,3,0.8333333333333334,3,3.0,56+,0.3253115823098157,0.6,20000,3903.738987717789,High
933,50000,1,3,1,35,4,2,4,2,2,1,20325.51,19723.68,14802.32,4736.95,6974.83,5828.23,3491.04,3181.26,5494.28,3693.85,3386.93,650.11,0,0.4065102,0.2413050666666666,0.274859127146384,4,2.5,6,1.6666666666666667,26-35,0.6104078020766174,0.6,50000,18312.23406229852,Severe
793,200000,1,2,1,38,1,-1,4,3,0,1,79860.65,53812.0,38279.98,22673.11,51831.66,85563.94,25694.18,11794.35,26748.24,1026.12,7358.62,6365.32,1,0.39930325,0.2766844499999999,0.2378968472327713,4,1.3333333333333333,4,0.0,36-45,0.632996162197101,0.6,200000,75959.53946365211,Severe
1853,90000,2,3,2,50,-1,-1,3,2,3,1,34717.83,24279.79,2757.98,49449.7,19126.79,48895.52,6843.24,11756.02,6546.6,3344.68,10229.75,8362.02,0,0.3857536666666666,0.3319029814814814,0.2626956304332798,3,1.1666666666666667,4,-1.6666666666666667,46-55,0.4556272782473748,0.6,90000,24603.873025358243,Severe
1186,50000,2,2,2,58,1,2,1,2,-1,1,2388.45,20668.63,9333.39,12204.16,11799.86,16396.06,4697.23,2871.92,351.42,5710.87,7020.81,5685.22,0,0.047769,0.2426351666666666,0.3618254017863582,2,1.0,5,0.6666666666666666,56+,0.2082068317877777,0.6,50000,6246.204953633331,High
1725,150000,1,2,3,33,-1,-1,3,1,1,1,50246.16,84526.28,27431.28,23493.62,70823.76,36550.29,4626.15,108.77,3117.88,9599.37,22497.9,20698.84,1,0.3349744,0.3256348777777777,0.2069424449790203,3,0.6666666666666666,4,-0.6666666666666667,26-35,0.4488231186304086,0.6,150000,40394.080676736776,Severe
4081,360000,1,1,2,61,3,1,4,4,4,0,56.59,59082.83,176560.89,26775.55,23008.71,119967.16,27160.79,52480.7,31800.9,1637.8,43018.29,43002.61,1,0.0001571944444444,0.1877091342592592,0.4910599098935895,4,2.6666666666666665,5,0.0,56+,0.4873713342697557,0.6,360000,105272.20820226724,Severe
3824,50000,2,2,3,23,-1,1,-1,2,1,4,29343.96,22872.69,26713.59,24550.86,17507.57,3394.06,5345.25,909.28,6325.36,7293.79,5631.3,4750.35,1,0.5868791999999999,0.4146090999999999,0.2432438168867977,4,1.0,4,-2.666666666666667,18-25,0.6682336143719935,0.6,50000,20047.008431159804,Severe
4055,20000,1,1,1,63,2,-1,2,3,3,2,6155.85,4929.5,5070.45,3362.65,5967.96,2388.65,121.75,1209.54,2095.44,957.19,1351.28,589.51,1,0.3077925,0.2322921666666666,0.2268949376252463,3,1.8333333333333333,5,-1.6666666666666663,56+,0.4471796150857975,0.6,20000,5366.15538102957,Severe
2722,200000,1,1,3,41,1,0,3,-1,-1,1,95083.05,74516.29,6530.56,36075.41,63738.91,117689.94,24099.44,11071.1,24559.8,25787.04,18116.54,4286.8,0,0.47541525,0.3280284666666666,0.2741650267344684,3,0.5,3,1.6666666666666663,36-45,0.4841771296215733,0.6,200000,58101.2555545888,Severe
3904,20000,2,2,2,63,4,3,-1,0,3,0,2006.61,5998.7,3525.81,3857.02,6421.56,10585.18,1974.15,2053.13,362.25,1527.95,22.43,2152.46,0,0.1003304999999999,0.2699573333333333,0.2498039813698955,4,1.5,3,1.0,56+,0.4453396300436835,0.6,20000,5344.075560524202,Severe
1866,90000,1,4,3,64,1,-1,2,3,4,1,3871.51,50115.94,40394.17,50702.45,11546.78,35634.06,4949.23,4838.06,988.88,10045.3,6067.3,7058.57,1,0.0430167777777777,0.3560461296296296,0.1765654481621217,4,1.6666666666666667,5,-2.0,56+,0.4662497141482868,0.6,90000,25177.484564007485,Severe
760,200000,2,4,1,21,0,4,1,1,1,0,28220.13,58971.88,42408.85,28566.37,71124.88,72246.06,23157.43,25941.75,3395.95,15052.87,18223.21,22651.53,0,0.14110065,0.2512818083333333,0.3595655568248623,4,1.1666666666666667,4,1.0,18-25,0.5060045783884055,0.6,200000,60720.54940660866,Severe
2417,150000,2,3,3,56,4,3,1,1,2,3,51699.44,8261.21,86338.51,74934.72,19779.87,39720.02,6867.65,10542.32,19956.42,1654.81,21709.11,3852.54,1,0.3446629333333333,0.3119264111111111,0.230050164609694,4,2.333333333333333,6,0.6666666666666665,56+,0.6076208100569419,0.6,150000,54685.87290512477,Severe
3671,20000,2,1,2,50,1,2,2,-1,1,3,7389.48,2254.01,9206.12,9962.09,7143.33,2094.82,1127.57,751.92,1831.77,2448.33,1315.9,1666.79,0,0.3694739999999999,0.3170820833333333,0.2402711180201761,3,1.3333333333333333,5,0.6666666666666667,46-55,0.4457481054295811,0.6,20000,5348.977265154973,Severe
4839,360000,1,4,2,25,2,3,4,-1,-1,4,176321.9,121211.68,28970.92,119103.25,149598.41,37314.0,28603.81,10482.84,48292.82,11768.85,23634.6,36668.53,1,0.4897830555555555,0.2928334074074074,0.2520891191831736,4,1.8333333333333333,4,2.333333333333333,18-25,0.6630258826983668,0.6,360000,143213.5906628472,Severe
3091,90000,1,1,3,44,1,-1,0,4,4,-1,51719.61,44690.2,49891.8,9742.18,9485.03,47740.9,11924.82,5451.91,2156.5,13457.16,1627.14,5087.39,1,0.5746623333333334,0.3949439259259259,0.1861723267606859,4,1.1666666666666667,3,-2.333333333333333,36-45,0.6620519550548281,0.6,90000,35750.805572960715,Severe
1547,200000,2,3,3,51,3,3,1,2,-1,0,51230.35,2597.21,96300.36,8398.85,92691.52,108345.08,27443.66,11977.13,19724.16,13308.08,15534.33,25292.66,1,0.25615175,0.2996361416666667,0.3150488326995044,3,1.3333333333333333,4,2.0,46-55,0.3943226242450053,0.6,200000,47318.71490940063,Severe
1133,200000,2,1,3,61,-1,2,0,4,-1,-1,34698.51,76486.95,59920.1,97417.06,102465.21,118423.1,2210.01,3272.73,27392.07,17258.61,2640.57,29979.75,0,0.17349255,0.4078424416666667,0.1690884590583213,4,0.5,2,-0.3333333333333333,56+,0.5036784078975004,0.6,200000,60441.408947700045,Severe
4704,360000,1,3,2,53,3,2,4,2,1,-1,29912.69,77824.52,179819.75,168217.12,144197.59,106350.02,41150.17,1596.5,52741.66,43342.26,43621.69,8460.54,1,0.0830908055555555,0.3270007824074074,0.2702916004179342,4,1.8333333333333333,5,2.333333333333333,46-55,0.5095255860413955,0.6,360000,110057.52658494144,Severe
4495,50000,1,4,2,46,1,0,1,4,3,0,6346.41,6717.02,19481.2,2991.62,24627.8,27323.52,4161.57,1928.98,669.97,5099.84,2474.54,3550.17,1,0.1269282,0.2916252333333333,0.2044298407190872,4,1.5,4,-1.666666666666667,46-55,0.4865403376096152,0.6,50000,14596.210128288456,Severe
2776,50000,1,3,3,58,4,1,-1,3,1,4,15622.1,11307.39,27282.92,10922.29,3869.2,16495.72,2672.86,3725.63,5674.13,7461.04,7431.46,1885.66,1,0.312442,0.2849987333333333,0.3374375231141378,4,2.0,5,-1.3333333333333333,56+,0.5615584534635284,0.6,50000,16846.75360390585,Severe
3186,360000,1,1,3,57,4,0,-1,-1,3,4,53744.44,115723.91,63532.33,85064.62,56494.64,92254.51,24398.84,5910.84,9736.49,32050.39,52595.07,20731.04,1,0.1492901111111111,0.2161178009259259,0.3115213550051846,4,1.5,3,-1.0,56+,0.5528108799428669,0.6,360000,119407.15006765924,Severe
1214,360000,1,2,2,35,4,0,-1,1,-1,3,110788.3,39554.29,202027.17,195951.38,90435.83,36446.76,13837.05,34471.82,1012.87,51546.37,23009.94,14095.29,1,0.3077452777777777,0.3125943194444444,0.2043432728074532,4,1.0,3,0.0,26-35,0.6098487217228142,0.6,360000,131727.32389212787,Severe
3290,50000,2,1,2,41,2,2,3,-1,1,4,18800.61,5833.91,25650.35,22479.17,21501.16,142.64,4976.56,4636.31,3908.59,7348.78,3550.71,364.98,1,0.3760122,0.3146928,0.262541013542943,4,1.8333333333333333,5,1.0000000000000002,36-45,0.5906267380469897,0.6,50000,17718.80214140969,Severe
764,360000,2,1,2,25,3,0,0,3,4,2,161290.05,10899.27,31625.18,8422.67,116311.92,158463.15,45499.57,27609.02,22628.63,15229.15,47992.68,4865.38,0,0.4480279166666666,0.2254686296296296,0.3363866789056472,4,2.0,4,-2.0,18-25,0.6885829498051224,0.6,360000,148733.91715790643,Severe
1217,150000,2,1,3,40,1,4,3,4,3,2,20277.22,84143.48,12038.78,37505.87,81844.53,56272.78,6358.86,2517.67,17405.96,18693.08,7341.29,20265.13,1,0.1351814666666666,0.3245362888888889,0.2484981135134827,4,2.833333333333333,6,-0.3333333333333335,36-45,0.5179240524129848,0.6,150000,46613.16471716863,Severe
349,50000,2,2,1,34,4,4,3,3,4,0,27512.31,3863.46,25292.27,22141.02,10394.84,14799.49,6356.0,2213.29,123.02,745.79,5389.24,2077.47,0,0.5502462,0.3466779666666666,0.1625409517901291,4,3.0,5,1.333333333333333,26-35,0.6465562967363064,0.6,50000,19396.688902089198,Severe
2983,200000,2,4,3,44,0,3,1,4,-1,1,32578.56,43253.08,40162.36,39004.6,79163.87,50981.68,19673.04,7285.16,14169.24,20104.11,13635.76,26531.26,1,0.1628928,0.237620125,0.3556045950793659,4,1.3333333333333333,4,0.0,36-45,0.5201466320997905,0.6,200000,62417.59585197486,Severe
2917,150000,2,3,1,50,1,0,2,0,2,0,49037.58,3491.95,25875.14,34187.53,44330.47,39995.46,9557.82,18129.65,1878.31,20350.74,22369.36,22129.96,0,0.3269172,0.2187979222222222,0.4794674822475717,2,0.8333333333333334,3,0.3333333333333333,46-55,0.2817109003293109,0.6,150000,25353.98102963798,High
2972,20000,2,3,2,24,1,4,1,2,1,-1,11242.15,7217.87,7409.3,2062.66,7664.17,8667.26,86.2,707.01,710.01,767.02,1886.86,107.45,1,0.5621075,0.36886175,0.0963448139219278,4,1.3333333333333333,5,1.3333333333333337,18-25,0.6643156254771547,0.6,20000,7971.787505725857,Severe
1356,90000,2,3,3,37,1,-1,1,2,1,3,16270.68,6277.51,43110.48,51369.4,13614.05,10645.94,6717.96,11650.46,2870.49,4529.2,4224.5,4942.63,0,0.1807853333333333,0.2616445555555555,0.2472625075324836,3,1.1666666666666667,5,-1.6666666666666667,36-45,0.3983780357588675,0.6,90000,21512.413930978844,Severe
2331,20000,2,2,3,32,2,1,-1,-1,2,4,755.78,2327.88,1965.92,6120.3,4908.09,4759.01,1044.63,2791.78,481.33,2857.6,2546.35,2376.85,1,0.0377889999999999,0.1736415,0.5806282868246742,4,1.1666666666666667,4,-1.0,26-35,0.4276085881103527,0.6,20000,5131.303057324232,Severe
1514,50000,1,4,3,25,1,0,1,4,1,-1,24366.77,799.77,992.72,18407.95,17832.31,28676.91,3761.62,6471.72,2706.88,6513.39,131.88,2824.62,1,0.4873354,0.3035881,0.2460582831364821,4,1.0,4,-0.6666666666666666,18-25,0.6264862063570118,0.6,50000,18794.586190710357,Severe
2182,50000,1,3,2,56,-1,0,0,4,2,-1,7452.35,14039.05,7683.07,17120.02,15791.73,5791.96,652.78,1208.64,2702.04,1335.56,3915.03,1984.71,1,0.149047,0.2262606,0.173822574500377,4,0.6666666666666666,2,-2.0,56+,0.4974392833341318,0.6,50000,14923.178500023954,Severe
3348,20000,1,1,3,33,2,1,0,-1,-1,2,2176.44,3899.03,3926.03,3135.06,1891.61,11023.14,1438.86,1053.01,1825.25,2013.36,876.28,2632.34,0,0.108822,0.2170942499999999,0.3776815829990891,2,0.5,3,1.0,26-35,0.197857851653728,0.6,20000,2374.294219844736,High
1661,150000,1,2,1,23,3,2,-1,0,2,-1,38569.94,36082.75,71253.23,12373.7,14160.4,21544.01,18021.79,17084.28,7851.04,20550.47,12233.02,8539.01,1,0.2571329333333333,0.2155378111111111,0.4344667445046893,3,0.8333333333333334,3,1.0,18-25,0.3845417993774874,0.6,150000,34608.76194397386,Severe
4378,50000,1,1,1,58,3,-1,-1,0,4,0,29113.55,5539.88,18028.7,18539.81,17911.86,1851.71,587.93,7119.17,6891.52,6244.24,7491.75,5357.53,1,0.582271,0.3032850333333334,0.3703022602170389,4,0.8333333333333334,2,-1.0,56+,0.6410337047266542,0.6,50000,19231.011141799627,Severe
805,200000,2,4,2,34,1,-1,1,1,4,1,68685.16,41589.42,99234.17,80497.59,115475.91,110283.06,5690.29,3993.89,14470.55,18188.69,25644.75,27632.85,1,0.3434258,0.429804425,0.1853963772786502,4,1.1666666666666667,5,-1.6666666666666667,26-35,0.6110152471643953,0.6,200000,73321.82965972743,Severe
1442,150000,2,2,1,33,2,4,3,0,-1,0,2540.32,38060.07,23125.98,86457.93,6257.95,81350.75,17123.85,19914.76,13111.84,13105.33,1341.45,21862.14,1,0.0169354666666666,0.2642144444444444,0.3635908962837426,4,1.3333333333333333,3,3.333333333333333,26-35,0.4107762550508374,0.6,150000,36969.862954575365,Severe
1095,50000,2,1,1,34,-1,4,4,-1,2,0,10508.69,16408.18,12728.98,10588.06,18967.37,27942.0,7101.9,880.66,4804.86,4642.77,2775.81,1866.06,1,0.2101738,0.3238109333333333,0.2272113933151114,4,1.3333333333333333,3,2.0,26-35,0.4888309600675121,0.6,50000,14664.928802025364,Severe
3989,90000,2,3,1,21,4,3,3,3,1,-1,36691.97,36655.36,21108.13,42915.2,1739.18,7278.96,3408.29,3095.12,11117.9,6603.7,12078.23,8059.26,1,0.4076885555555555,0.2710903703703703,0.3030457248095483,4,2.1666666666666665,5,2.333333333333333,18-25,0.595883050640282,0.6,90000,32177.68473457523,Severe
3706,150000,2,2,2,49,2,-1,3,-1,2,0,916.34,9126.98,3489.21,13200.23,9800.82,1563.43,15361.71,9156.21,7571.62,10749.37,13309.82,21994.85,0,0.0061089333333333,0.0423300111111111,2.0511735697893347,3,0.8333333333333334,3,1.0,46-55,0.1763365827097442,0.6,150000,15870.29244387698,High
3744,90000,2,1,2,26,1,3,4,4,0,2,18961.55,46817.8,46246.04,45954.29,38905.14,48421.96,9624.59,10317.08,10830.57,8861.86,8412.97,2657.09,1,0.2106838888888889,0.4542718148148148,0.2066969367907401,4,2.333333333333333,5,0.6666666666666665,26-35,0.4988220549396276,0.6,90000,26936.39096673989,Severe
3272,90000,1,3,2,21,1,1,3,-1,1,0,49217.68,32812.66,1828.68,2678.55,43704.87,45851.9,4141.78,6564.16,7228.17,9385.84,8272.61,4375.67,1,0.5468631111111111,0.3261006296296296,0.2269705545334392,3,0.8333333333333334,4,1.6666666666666667,18-25,0.5035676789475035,0.6,90000,27192.65466316519,Severe
1454,50000,2,3,3,50,2,0,-1,1,0,0,6778.32,23286.83,27966.95,3349.52,6990.13,7926.76,6172.68,3862.77,4667.59,650.71,6842.06,4258.32,1,0.1355664,0.2543283666666666,0.3467188284541861,2,0.3333333333333333,2,0.0,46-55,0.2015561734965942,0.6,50000,6046.685204897828,High
2514,200000,2,2,1,32,4,2,1,-1,2,3,12098.26,79556.62,15550.64,110127.72,52042.15,48225.66,7495.13,14189.3,11751.51,1807.12,25778.44,26968.44,1,0.0604913,0.2646675416666667,0.2770454946543784,4,1.8333333333333333,5,1.0000000000000002,26-35,0.4952077392313651,0.6,200000,59424.928707763815,Severe
2001,360000,2,4,1,60,4,3,0,1,4,0,169149.26,139004.44,151345.69,79995.4,97118.14,133429.12,53121.29,35478.05,44799.53,17375.84,24647.77,3720.95,0,0.4698590555555555,0.3565009490740741,0.2326411005736634,4,2.0,4,0.6666666666666667,56+,0.6652772872022,0.6,360000,143699.8940356752,Severe
4134,150000,2,1,1,54,2,0,4,4,2,3,42897.24,13463.65,32983.23,79091.04,73364.89,27135.81,7861.66,942.8,19427.9,11580.77,4636.88,20409.83,1,0.2859816,0.2988176222222222,0.2411721516052192,4,2.5,5,-1.0,46-55,0.5883926374421174,0.6,150000,52955.33736979057,Severe
4078,150000,2,3,3,27,4,-1,-1,1,0,0,471.49,8233.01,29246.86,23123.25,7462.99,71820.44,6412.62,3767.98,302.3,17521.19,8606.62,19638.38,0,0.0031432666666666,0.1559533777777778,0.4007543137535975,4,0.5,2,0.3333333333333333,26-35,0.4275406917624793,0.6,150000,38478.66225862314,Severe
989,50000,1,3,3,59,0,-1,4,4,2,0,19808.85,4713.35,28471.22,28729.98,29227.75,20433.68,5386.18,5107.55,1533.48,7017.15,5359.57,3007.31,0,0.3961769999999999,0.4379494333333333,0.2086332189188052,4,1.5,3,-1.0,56+,0.5506090964544456,0.6,50000,16518.272893633366,Severe
1622,20000,2,4,2,62,2,2,0,3,-1,-1,11281.96,2193.73,10249.99,6929.95,6654.3,7830.69,1114.39,1034.1,2277.93,2464.0,2637.53,1684.54,0,0.564098,0.3761718333333333,0.2483902525042855,3,0.8333333333333334,3,1.0,56+,0.4761083301037789,0.6,20000,5713.299961245346,Severe
4199,360000,2,3,2,21,2,2,0,3,0,2,50498.66,198225.99,178055.2,21355.47,37125.46,187614.97,2413.42,26668.84,11947.62,53879.9,28202.39,49069.07,1,0.1402740555555555,0.3115165509259259,0.2558886094498129,3,1.5,4,-0.3333333333333335,18-25,0.3967190834072875,0.6,360000,85691.32201597412,Severe
1413,50000,2,3,2,24,4,1,-1,1,1,1,8405.21,19109.07,25205.25,2488.93,12347.58,15632.75,1827.9,5571.55,2025.23,6852.44,3324.96,2807.47,0,0.1681041999999999,0.2772959666666666,0.2693818482033456,4,1.1666666666666667,5,0.3333333333333332,18-25,0.514229701254004,0.6,50000,15426.891037620118,Severe
609,360000,1,1,2,47,2,0,1,1,1,-1,121075.36,114980.07,141112.1,112761.39,43612.28,136010.78,13120.45,18004.71,47356.07,42731.19,13665.95,30846.28,0,0.3363204444444444,0.3099777685185186,0.2475157343273034,2,0.6666666666666666,4,0.6666666666666667,46-55,0.3476205071714403,0.6,360000,75086.02954903111,High
1773,90000,1,1,1,63,2,1,2,4,2,-1,3482.71,53493.05,5185.27,25041.46,32289.01,25274.36,13454.68,2596.82,3410.79,4617.97,186.48,9501.79,1,0.0386967777777777,0.2680849259259258,0.2332630773581561,4,1.6666666666666667,5,0.0,56+,0.4787789610982358,0.6,90000,25854.06389930474,Severe
3284,20000,2,4,1,44,0,1,4,0,4,3,9927.26,4799.9,11108.77,979.99,4613.3,9665.11,741.36,441.31,893.95,2406.52,2035.18,706.3,1,0.496363,0.34245275,0.1758057620114502,4,2.0,4,-0.6666666666666667,36-45,0.6231916649833009,0.6,20000,7478.299979799611,Severe
3636,90000,1,2,1,55,3,-1,-1,3,-1,-1,15856.04,19889.79,50377.21,28409.42,52463.13,7741.87,1023.98,1619.81,3190.04,11929.15,6187.06,3655.07,0,0.1761782222222222,0.3235878888888889,0.157980492562957,3,0.3333333333333333,2,0.0,46-55,0.3513846274524617,0.6,90000,18974.76988243293,Severe
4829,360000,2,4,1,59,2,2,2,2,0,3,144983.31,101004.22,145600.04,179241.86,179556.3,119698.8,37828.19,8207.7,17055.28,47659.19,43506.82,13149.98,1,0.4027314166666667,0.402816912037037,0.1924033289041468,3,1.8333333333333333,5,0.3333333333333332,56+,0.5106159824443927,0.6,360000,110293.0522079888,Severe
3522,50000,1,4,2,63,2,4,2,1,3,2,19894.37,18653.41,16586.39,384.07,25623.68,8343.27,2735.45,4935.9,417.53,4298.3,4899.65,7328.2,0,0.3978874,0.2982839666666667,0.275073785952737,4,2.333333333333333,6,0.6666666666666665,56+,0.6017506945871384,0.6,50000,18052.52083761415,Severe
2718,200000,2,2,1,52,2,2,0,-1,3,3,2244.56,37036.03,25940.59,50138.5,70905.14,80215.05,3293.03,29044.94,21896.98,13685.41,625.33,6514.07,1,0.0112228,0.2220665583333333,0.281671407299921,3,1.5,4,-0.3333333333333335,46-55,0.3372592035817215,0.6,200000,40471.10442980658,High
4080,200000,2,1,2,37,3,3,2,4,3,2,19112.18,35217.6,16113.42,17681.84,19592.34,48165.9,5734.83,13137.11,24673.08,15033.77,8943.6,27211.81,1,0.0955609,0.1299027333333333,0.6077252159436215,4,2.833333333333333,6,-0.3333333333333335,36-45,0.5109647827563316,0.6,200000,61315.77393075979,Severe
2335,150000,2,2,1,35,2,3,4,-1,-1,3,75652.47,79112.79,83519.1,39728.85,12926.87,57047.48,19546.34,19523.6,528.95,2714.36,4328.96,6585.37,1,0.5043498,0.3866528444444444,0.1529582839110685,4,1.6666666666666667,4,2.6666666666666665,26-35,0.6354516081823622,0.6,150000,57190.6447364126,Severe
4438,360000,1,4,3,43,-1,-1,4,0,2,3,165025.89,203887.69,143237.68,2461.55,162249.34,53604.88,4196.13,4435.26,11154.14,41564.95,12248.06,21717.53,0,0.45840525,0.3381791805555555,0.1304864779454864,4,1.1666666666666667,3,-1.0,36-45,0.6689647260745053,0.6,360000,144496.38083209313,Severe
4116,90000,1,3,3,52,4,4,4,3,-1,-1,18343.64,42702.77,22710.13,30645.19,52409.64,52863.29,6245.68,9263.85,7010.92,7598.56,2061.78,6973.27,1,0.2038182222222222,0.406804925925926,0.1782365794944214,4,2.1666666666666665,4,3.6666666666666665,46-55,0.4612148651160618,0.6,90000,24905.602716267334,Severe
2756,360000,2,3,1,62,0,0,-1,-1,3,2,203064.9,128166.75,165761.7,25773.12,153778.65,37710.53,2385.67,30629.63,51363.45,5933.74,18688.28,31949.34,0,0.5640691666666666,0.330673912037037,0.1973384599757804,3,0.5,2,-1.6666666666666663,56+,0.5782202525578592,0.6,360000,124895.57455249758,Severe
637,50000,1,2,2,32,3,3,4,-1,3,2,8274.4,12157.41,25927.84,26590.28,29931.0,15753.23,7058.67,852.62,4006.01,3162.68,5514.17,1431.6,0,0.165488,0.3954471999999999,0.1856611114370431,4,2.333333333333333,5,2.0,26-35,0.4685230710396864,0.6,50000,14055.692131190592,Severe
504,360000,1,2,3,52,-1,-1,1,4,3,3,83972.1,91763.48,206971.2,111918.79,158834.03,156041.13,793.9,29611.56,37927.78,48850.11,506.71,46803.21,1,0.2332558333333333,0.3747688564814814,0.2032033621513843,4,1.5,4,-3.666666666666667,46-55,0.600408354297178,0.6,360000,129688.20452819044,Severe
3421,150000,1,1,1,54,0,1,3,4,2,1,35385.62,79038.64,23055.53,25239.79,58254.25,83707.78,13324.88,5242.74,7163.3,16775.22,10130.98,12857.13,1,0.2359041333333333,0.3385351222222222,0.2149596426249684,4,1.8333333333333333,5,-1.0000000000000002,46-55,0.5672992322765222,0.6,150000,51056.930904887,Severe
3945,20000,2,1,2,21,2,0,3,4,4,0,1052.54,4822.95,11050.52,4218.15,5660.11,8958.37,2940.58,1262.02,996.21,1362.45,821.74,509.93,0,0.052627,0.298022,0.2207032254889459,4,2.1666666666666665,4,-0.9999999999999998,18-25,0.442038840264807,0.6,20000,5304.466083177685,Severe
2944,50000,2,2,2,27,0,3,-1,2,1,4,22598.02,21650.42,2134.29,21437.61,10554.74,28806.41,2770.82,4369.55,5410.95,38.89,6158.59,6558.18,0,0.4519604,0.3572716333333334,0.2361133438245727,4,1.5,4,-1.666666666666667,26-35,0.6165862273195146,0.6,50000,18497.58681958544,Severe
3020,200000,2,1,1,47,2,-1,3,4,3,3,60403.28,680.67,49915.96,30120.4,77.26,118719.7,20777.03,5111.84,13322.64,8852.82,10953.78,1918.59,1,0.3020164,0.216597725,0.2344465221568385,4,2.333333333333333,5,-2.0,46-55,0.6309393972322977,0.6,200000,75712.72766787572,Severe
4590,50000,2,1,2,34,1,-1,4,0,4,2,3867.8,25059.12,28800.86,21923.14,6609.82,8815.25,3426.08,6262.29,1832.6,3532.5,1775.76,2687.27,0,0.077356,0.3169199666666666,0.2052726455964329,4,1.6666666666666667,4,-0.6666666666666667,26-35,0.4642197591748029,0.6,50000,13926.592775244088,Severe
2672,360000,1,1,1,40,3,0,3,4,1,1,194648.18,104080.53,16642.78,90449.25,99430.13,157831.76,43903.29,15592.73,352.49,348.16,49218.75,10702.59,1,0.5406893888888888,0.306982699074074,0.1811508921595488,4,2.0,5,0.0,36-45,0.7270599165552468,0.6,360000,157044.9419759333,Severe
3112,200000,1,4,2,58,-1,-1,2,2,0,2,89201.57,76730.0,103956.74,62562.72,24348.48,86513.5,23084.55,19465.46,25063.49,11229.83,23726.73,29756.3,1,0.44600785,0.3694275083333333,0.2984941948804976,2,0.6666666666666666,3,-1.3333333333333333,56+,0.3297187617986186,0.6,200000,39566.25141583423,High
3145,200000,2,3,3,47,3,2,-1,-1,4,3,329.66,74533.31,103315.81,44907.04,11760.89,2742.8,17259.52,18271.61,21097.31,10768.04,12166.74,16179.71,0,0.0016483,0.1979912583333333,0.4029762509295971,4,1.6666666666666667,4,-0.6666666666666667,46-55,0.4565347600166118,0.6,200000,54784.17120199341,Severe
4103,50000,1,1,2,41,3,4,0,-1,3,2,22946.57,16513.91,16338.22,27489.62,5833.46,8487.62,2296.41,2871.83,3200.26,4244.85,2820.01,4113.1,1,0.4589314,0.3253646666666666,0.2002518200091384,4,1.8333333333333333,4,1.0000000000000002,36-45,0.6079633806414861,0.6,50000,18238.901419244583,Severe
875,200000,1,4,1,52,1,-1,1,-1,1,-1,58145.98,38615.69,35971.08,78404.41,110916.37,46306.82,29246.93,8120.19,17228.42,7821.69,16592.99,6667.36,1,0.2907299,0.3069669583333334,0.2325917542428222,1,0.0,3,0.6666666666666666,46-55,0.1825953645294295,0.6,200000,21911.443743531545,High
201,90000,1,1,2,40,0,0,4,0,3,2,47079.96,20471.71,41971.02,23623.88,2171.52,47822.33,12337.05,2846.49,8364.61,5853.68,6476.87,927.2,0,0.5231106666666666,0.3391489259259259,0.2009709271170176,4,1.5,3,-0.3333333333333335,36-45,0.6357901787002129,0.6,90000,34332.6696498115,Severe
4701,360000,1,4,3,22,4,1,2,3,0,4,160239.45,44147.12,8192.63,129336.79,78686.15,174323.23,11788.36,27563.99,53158.64,24832.37,12790.94,12495.9,1,0.4451095833333334,0.275428412037037,0.2397446926830503,4,2.333333333333333,5,0.0,18-25,0.6711655229003245,0.6,360000,144971.75294647008,Severe
3042,50000,2,2,2,30,3,4,4,4,4,3,13837.56,17260.33,7713.57,12442.31,14145.02,22569.53,396.06,6923.46,780.56,4962.83,1366.56,2930.4,1,0.2767512,0.2932277333333333,0.1973422932255612,4,3.6666666666666665,6,0.0,26-35,0.5530663606645716,0.6,50000,16591.990819937146,Severe
3587,90000,2,1,3,54,0,3,0,2,4,4,18997.35,14982.61,3375.33,44518.88,2460.19,12212.49,5467.55,12574.9,4226.04,10235.12,6198.18,10111.15,0,0.2110816666666666,0.1787904629629629,0.5055881160286431,4,2.1666666666666665,4,-2.333333333333333,46-55,0.5261692541729112,0.6,90000,28413.139725337205,Severe
2999,90000,1,4,2,26,1,1,1,3,2,-1,35401.65,31171.58,41714.42,40576.63,50562.99,46939.81,3817.57,5839.24,7132.23,11906.74,6575.94,6266.49,0,0.3933516666666667,0.4562353333333333,0.1686029237347782,3,1.1666666666666667,5,-0.3333333333333332,26-35,0.4413552064884599,0.6,90000,23833.181150376837,Severe
3535,20000,1,3,1,42,0,3,4,3,3,3,8556.34,6664.07,3779.64,8575.27,9277.07,8754.32,1900.68,1654.57,2929.06,779.47,664.53,491.34,0,0.427817,0.3800559166666666,0.1846142815388349,4,2.6666666666666665,5,-0.6666666666666665,36-45,0.5921578300320769,0.6,20000,7105.893960384922,Severe
4757,150000,1,3,1,35,0,3,0,2,0,1,23468.36,59109.31,56421.18,11878.64,36898.91,26440.71,10913.28,20474.57,7835.86,7129.22,163.17,19672.55,1,0.1564557333333333,0.238019011111111,0.3089792874154636,3,1.0,3,0.0,26-35,0.3564521850763507,0.6,150000,32080.69665687157,Severe
80,200000,2,2,2,43,2,3,3,0,4,-1,87393.72,76158.7,4752.63,47099.26,395.52,72821.89,29570.64,23891.51,20588.0,1652.83,27478.09,9158.88,0,0.4369686,0.2405180999999999,0.3892290226806216,4,1.8333333333333333,4,1.6666666666666663,36-45,0.6221351992006344,0.6,200000,74656.22390407612,Severe
4093,90000,1,2,2,52,3,4,1,1,3,4,6893.51,30359.61,33768.03,34391.35,15398.87,33361.45,707.95,5869.21,4037.57,3245.84,10730.9,71.0,0,0.0765945555555555,0.2855052222222222,0.1599663935575674,4,2.6666666666666665,6,0.0,46-55,0.4951747688537838,0.6,90000,26739.43751810433,Severe
350,20000,1,2,1,46,0,-1,3,2,0,-1,9973.82,5937.11,6987.36,132.58,7370.9,9983.46,66.87,926.52,199.14,1462.18,1466.71,1268.53,0,0.498691,0.3365435833333333,0.1334633973856283,3,0.5,2,0.3333333333333333,46-55,0.4650915975670629,0.6,20000,5581.099170804755,Severe
326,50000,1,3,2,38,2,3,-1,1,3,4,2223.38,22236.52,21416.37,2137.59,5698.79,19572.78,1563.81,387.16,1126.4,3215.27,2121.97,4376.63,0,0.0444676,0.2442847666666666,0.1745400142975213,4,2.0,5,-1.3333333333333333,36-45,0.475289892076725,0.6,50000,14258.69676230175,Severe
3094,50000,1,2,2,31,4,0,2,4,4,0,2752.86,4085.43,24349.44,12342.86,2453.61,29746.83,3334.85,1.66,6608.88,5121.25,868.39,7042.78,1,0.0550572,0.2524367666666666,0.3034134092722626,4,2.333333333333333,4,-0.6666666666666665,26-35,0.4369587918608472,0.6,50000,13108.763755825416,Severe
281,50000,2,1,3,52,2,2,3,4,0,2,5180.29,18921.4,7409.55,26976.11,11039.45,29120.1,1567.69,488.4,1159.64,1797.38,5345.76,2012.05,1,0.1036058,0.328823,0.1254060695267667,4,2.1666666666666665,5,0.3333333333333335,46-55,0.4858548667925949,0.6,50000,14575.646003777849,Severe
695,20000,2,4,1,46,1,-1,2,-1,4,1,10546.66,11769.85,6277.68,7588.1,4211.33,7491.57,635.37,356.66,2324.59,677.21,2906.74,925.35,1,0.5273329999999999,0.39904325,0.1634309062990039,4,1.0,4,-0.6666666666666666,46-55,0.6405174307364723,0.6,20000,7686.209168837667,Severe
4641,360000,1,3,2,36,3,4,-1,-1,-1,4,95494.01,16150.68,111335.44,204764.78,4133.96,77083.74,1261.6,37382.06,23302.54,27418.18,27001.66,38424.15,0,0.2652611388888888,0.2356308379629629,0.3041288042750331,4,1.3333333333333333,3,1.3333333333333337,36-45,0.5786474374630327,0.6,360000,124987.84649201506,Severe
3088,50000,2,3,3,61,4,4,1,-1,0,0,11269.68,20922.14,5381.86,9998.19,878.72,14984.34,5384.56,6463.4,4066.25,5103.98,4893.25,3665.41,1,0.2253936,0.2114497666666667,0.4662549481807577,4,1.3333333333333333,3,3.333333333333333,56+,0.4705166442756338,0.6,50000,14115.499328269016,Severe
1643,90000,1,1,3,63,4,2,3,2,4,0,37744.0,32330.3,41932.25,5445.91,35872.65,6793.38,9007.07,4350.97,6204.2,3445.33,12727.12,4975.81,1,0.4193777777777778,0.2965157222222223,0.2542523352549727,4,2.5,5,1.0,56+,0.6069498184985497,0.6,90000,32775.29019892168,Severe
928,50000,2,3,3,47,3,-1,4,1,-1,4,27174.52,23751.75,25335.67,23672.02,10259.36,23777.35,5081.21,4490.66,1167.99,4190.8,7058.42,3951.29,1,0.5434904,0.4465689,0.193627231990405,4,1.6666666666666667,4,0.6666666666666667,46-55,0.6195872748714222,0.6,50000,18587.618246142665,Severe
2428,90000,2,3,1,54,1,-1,2,-1,4,1,40603.6,41873.0,39585.86,34428.46,17596.44,43415.08,5071.96,9263.23,6791.92,5853.88,12952.87,2552.72,1,0.4511511111111111,0.4027822962962963,0.1953384063185682,4,1.0,4,-0.6666666666666666,46-55,0.6240695241063783,0.6,90000,33699.754301744426,Severe
4864,200000,2,3,3,48,0,0,2,4,1,2,112257.42,21745.2,40504.37,72910.65,70592.86,106729.78,25309.43,568.12,8091.36,28954.02,10017.25,27340.0,1,0.5612871,0.3539502333333333,0.236097645365775,4,1.5,4,-1.666666666666667,46-55,0.6864320005058129,0.6,200000,82371.84006069755,Severe
3207,360000,1,2,3,41,2,3,-1,0,4,1,87146.04,172239.29,18068.89,151488.59,54057.78,43883.05,41918.71,43202.67,16497.21,47527.02,5609.8,37635.66,1,0.2420723333333333,0.2439276111111111,0.3651490678283348,4,1.5,4,-0.3333333333333335,36-45,0.5874168717866346,0.6,360000,126882.04430591308,Severe
2969,200000,1,2,3,21,0,0,0,0,2,1,32806.75,8196.63,11280.75,7216.05,73045.61,66485.93,938.39,28753.77,25329.94,9705.53,2421.34,13906.88,0,0.16403375,0.1658597666666666,0.4072509145778372,2,0.5,2,-1.0,18-25,0.2394568687182966,0.6,200000,28734.82424619559,High
1525,150000,1,4,2,34,4,2,3,-1,-1,3,7716.71,8429.18,56313.7,79264.99,3529.88,23836.35,8081.68,5303.83,15425.57,12001.63,10769.98,8406.0,0,0.0514447333333333,0.1989897888888889,0.3349624137609294,4,1.6666666666666667,4,2.6666666666666665,26-35,0.444889910379195,0.6,150000,40040.09193412756,Severe
4869,360000,2,1,3,42,2,4,1,2,2,1,173792.61,112912.03,169615.8,108385.04,49591.42,8129.5,8633.54,15653.82,35360.77,42868.2,2463.0,40274.05,1,0.4827572499999999,0.2881603703703704,0.2333663546404844,4,2.0,6,0.6666666666666667,36-45,0.7150428514947135,0.6,360000,154449.2559228581,Severe
1688,90000,2,2,3,25,-1,-1,2,2,3,0,334.36,11127.12,18648.86,39602.42,39906.69,2761.13,12055.49,10177.05,2777.34,6463.67,8428.76,77.11,1,0.0037151111111111,0.2081121851851852,0.3557502550707604,3,0.8333333333333334,3,-1.6666666666666667,18-25,0.3004877885874374,0.6,90000,16226.34058372162,High
872,50000,1,2,3,41,0,1,1,2,1,4,22434.18,10738.87,22544.47,21222.74,17789.15,20728.29,1938.33,3588.45,1003.19,2791.47,5098.5,6005.07,1,0.4486836,0.384859,0.1769047018951529,4,1.5,5,-1.666666666666667,36-45,0.6279328353189189,0.6,50000,18837.985059567567,Severe
611,360000,1,3,2,33,-1,2,1,2,4,2,41081.88,206061.0,57066.56,42303.55,89498.78,149826.86,34603.3,15214.88,1735.02,25123.39,15237.64,36843.29,0,0.1141163333333333,0.271221587962963,0.2197832532825634,4,1.6666666666666667,5,-2.0,26-35,0.5706212196813518,0.6,360000,123254.18345117198,Severe
4760,200000,1,2,1,36,3,1,2,2,0,3,106340.01,32271.33,116544.76,57291.31,45822.23,16536.83,15063.63,28088.49,27465.71,7928.95,29173.7,18911.23,1,0.53170005,0.312338725,0.3378589222325858,3,1.8333333333333333,5,0.3333333333333332,36-45,0.5311284583874174,0.6,200000,63735.41500649008,Severe
3883,150000,2,1,2,33,4,-1,4,1,4,3,18773.61,33770.05,82169.26,6498.35,24065.3,85455.82,12121.61,15737.16,18870.18,139.21,14666.81,14428.73,0,0.1251574,0.2785915444444444,0.3029672392944526,4,2.5,5,-0.333333333333333,26-35,0.5056227863797212,0.6,150000,45506.05077417492,Severe
3742,50000,2,4,1,33,2,4,2,3,-1,-1,5159.44,21943.03,29039.69,6255.56,23473.97,13574.03,2506.45,618.3,6441.36,4190.03,4629.05,278.13,0,0.1031888,0.3314857333333333,0.1876734363228503,4,1.5,4,2.333333333333333,26-35,0.4485650267226745,0.6,50000,13456.950801680234,Severe
574,20000,2,3,3,51,3,4,1,4,1,3,1707.37,11828.72,11286.49,1978.02,8313.85,6622.91,2872.61,1226.04,835.51,41.77,608.12,722.23,1,0.0853685,0.3478113333333333,0.1510943672527443,4,2.6666666666666665,6,0.0,46-55,0.4697960759026795,0.6,20000,5637.552910832154,Severe
3502,150000,1,1,3,35,3,0,1,4,2,3,60134.7,15370.57,30679.53,69713.84,62702.9,76651.13,20490.43,6297.15,16316.36,6509.97,13710.57,6435.35,1,0.400898,0.3502807444444444,0.2212822812888468,4,2.1666666666666665,5,-1.6666666666666667,26-35,0.6237245643669541,0.6,150000,56135.21079302587,Severe
220,360000,2,4,2,36,4,4,1,-1,0,1,130576.15,207543.46,169601.5,45177.36,146071.32,99868.99,33830.86,51226.89,38711.5,7520.77,12684.93,25397.34,1,0.3627115277777777,0.3698327685185185,0.2120231193583265,4,1.5,4,3.0,36-45,0.608284441507366,0.6,360000,131389.43936559107,Severe
1274,200000,1,3,3,58,-1,3,0,0,3,2,64666.99,68808.14,65957.29,93784.32,38051.58,30348.28,20040.43,7418.1,7851.97,11308.24,5519.39,21273.35,0,0.32333495,0.3013471666666666,0.2030091538939307,3,1.1666666666666667,3,-1.0,56+,0.4368925579276914,0.6,200000,52427.10695132297,Severe
800,90000,1,2,3,39,1,0,1,2,1,2,24076.09,12103.82,11780.23,28449.98,50038.97,12583.45,6472.91,427.37,7609.66,10552.39,11947.23,12371.93,1,0.2675121111111111,0.2574676666666666,0.3551793702395137,2,1.1666666666666667,5,-1.0,36-45,0.281483148950017,0.6,90000,15200.09004330092,High
4923,150000,1,4,3,51,1,1,-1,3,2,2,67933.82,25824.76,36850.33,32058.08,1231.17,17511.89,21183.03,5609.41,3000.27,14439.65,10265.86,3049.03,1,0.4528921333333334,0.2015667222222222,0.3172219510440573,3,1.3333333333333333,5,-2.0,46-55,0.5248400218776724,0.6,150000,47235.60196899052,Severe
2576,50000,2,3,3,26,0,2,-1,2,4,0,27000.13,20912.03,19161.78,24963.44,28040.67,4666.99,4012.68,7472.51,6107.13,5397.92,2599.52,4114.02,1,0.5400026,0.4158168,0.2381159202802772,4,1.1666666666666667,3,-1.6666666666666667,26-35,0.6217523054450518,0.6,50000,18652.569163351556,Severe
1916,150000,1,4,2,60,3,2,0,1,3,3,53952.25,68605.64,2789.01,57777.8,42473.39,58444.76,3801.14,16304.06,4309.52,9637.7,8682.34,14072.77,1,0.3596816666666667,0.3156031666666667,0.1999963385806049,3,2.0,5,-0.6666666666666667,56+,0.4599096780814339,0.6,150000,41391.871027329056,Severe
1513,200000,1,3,2,24,1,2,2,3,0,2,93965.65,64979.79,34443.36,29765.3,32190.74,64696.35,21059.72,25045.29,9954.02,16463.55,20413.3,14215.69,0,0.4698282499999999,0.2667009916666666,0.3348055604967599,3,1.6666666666666667,5,0.0,18-25,0.5109717589957541,0.6,200000,61316.61107949049,Severe
3584,50000,1,4,2,23,1,2,4,1,-1,3,3416.67,20086.51,3055.45,7902.73,1014.5,12075.18,1496.95,1901.06,3407.72,5068.86,7430.0,2596.5,0,0.0683334,0.1585034666666666,0.4605806728938,4,1.6666666666666667,5,1.3333333333333337,18-25,0.4491441895451963,0.6,50000,13474.325686355887,Severe
575,20000,2,4,1,52,4,-1,3,3,2,-1,6364.21,11641.46,8641.28,3325.25,3209.11,910.23,709.44,1763.35,2166.67,1841.52,1836.73,2846.61,0,0.3182105,0.2840961666666666,0.3274806594245962,4,1.6666666666666667,4,0.6666666666666667,46-55,0.5390633774146942,0.6,20000,6468.7605289763305,Severe
4013,200000,2,2,2,55,2,4,3,3,4,3,67959.12,64232.19,100728.02,12286.46,109111.59,75884.91,27658.78,25304.37,11053.39,7948.72,8773.82,2993.79,1,0.3397956,0.3585019083333333,0.1946360397105277,4,3.1666666666666665,6,-0.3333333333333335,46-55,0.6115416051162319,0.6,200000,73384.99261394783,Severe
2941,200000,2,2,1,48,3,3,4,3,1,2,67950.68,105927.44,117405.01,67164.93,35935.43,108702.27,7853.18,6024.95,29026.8,14918.79,8395.62,23866.22,0,0.3397534,0.4192381333333333,0.1790660105346651,4,2.6666666666666665,6,1.3333333333333337,46-55,0.5993865743524913,0.6,200000,71926.38892229895,Severe
2795,20000,1,3,1,22,1,0,2,4,0,0,11552.57,11907.5,4736.38,4158.63,2076.1,10926.67,2234.11,893.15,400.9,1990.84,2610.72,2248.35,1,0.5776285,0.3779820833333333,0.2288042753349199,4,1.1666666666666667,3,-0.3333333333333332,18-25,0.6313118005220625,0.6,20000,7575.74160626475,Severe
3588,200000,2,1,1,46,4,2,-1,4,0,1,83764.07,66255.94,113106.86,27232.24,12807.16,93047.77,13246.8,16238.58,9629.85,28639.55,6090.34,17941.43,1,0.41882035,0.3301783666666666,0.2316590043098927,4,1.6666666666666667,4,0.0,46-55,0.6353233286415557,0.6,200000,76238.79943698668,Severe
2683,90000,2,2,1,58,4,2,4,2,0,3,32002.55,40495.61,50571.04,10611.4,5296.51,16840.2,2066.15,11730.29,6831.0,6056.64,4868.2,1375.58,1,0.3555838888888888,0.2885505740740741,0.2113235044296426,4,2.5,5,1.6666666666666667,56+,0.5895684946025828,0.6,90000,31836.69870853947,Severe
502,150000,1,4,3,30,4,3,1,1,4,4,78852.45,31407.22,89114.21,87931.5,51800.59,36302.33,21842.33,10658.45,801.35,13863.85,21300.17,4210.89,0,0.525683,0.4171203333333333,0.1935946541405717,4,2.833333333333333,6,-0.3333333333333335,26-35,0.6519129978603352,0.6,150000,58672.16980743016,Severe
1574,200000,2,2,3,48,4,4,1,0,-1,4,7163.85,78132.66,29611.29,36504.91,52667.01,735.46,22296.6,20891.5,27131.36,26618.45,6228.16,26059.78,0,0.03581925,0.1706793166666666,0.6309388298269688,4,2.0,4,2.0,46-55,0.4289975926938059,0.6,200000,51479.7111232567,Severe
3991,200000,1,1,2,21,1,4,2,2,-1,3,80681.34,58051.94,13167.03,57504.91,91652.27,28991.72,19742.92,9218.37,13726.32,24200.67,4259.91,15034.13,1,0.4034067,0.2750410083333333,0.2611196069822437,4,1.8333333333333333,5,1.0000000000000002,18-25,0.633735506362559,0.6,200000,76048.26076350707,Severe
2865,20000,1,1,2,31,-1,1,-1,-1,0,0,9028.91,6832.87,1960.66,11380.82,7377.62,4533.13,391.12,2207.72,142.38,482.67,2000.63,1401.98,0,0.4514455,0.3426167499999999,0.1611737702063116,1,-0.3333333333333333,1,0.0,26-35,0.1882170012987169,0.6,20000,2258.604015584603,High
882,360000,1,1,1,64,3,0,2,4,-1,-1,184076.08,163053.82,126162.44,74469.26,195306.58,180652.03,6096.4,3939.69,51591.76,18933.9,52686.84,48566.41,1,0.5113224444444444,0.4276482453703703,0.1968290809616474,4,1.1666666666666667,3,1.0,56+,0.6703765986699044,0.6,360000,144801.34531269936,Severe
1587,200000,1,3,3,45,0,-1,-1,3,1,0,82579.5,90917.44,101886.61,63441.56,111799.41,33285.64,7348.15,8053.43,27186.13,23856.48,20414.32,10514.32,0,0.4128975,0.4032584666666667,0.2012208836450138,3,0.3333333333333333,2,-2.0,36-45,0.4538163389428109,0.6,200000,54457.960673137306,Severe
1236,90000,2,2,3,50,4,0,-1,4,-1,4,13945.48,33300.0,48422.47,48078.64,3721.91,24198.81,2432.01,4327.92,12403.4,11873.48,5052.71,1848.52,1,0.1549497777777777,0.3179024259259259,0.220997463058051,4,1.6666666666666667,3,-1.3333333333333337,46-55,0.4862826344192144,0.6,90000,26259.262258637576,Severe
1627,150000,2,1,1,55,2,4,-1,3,4,0,44840.38,66090.07,38844.73,81856.81,19055.13,65823.01,7682.02,22229.3,8142.91,7318.47,18309.86,17795.51,0,0.2989358666666666,0.3516779222222222,0.2574264210753696,4,2.0,4,-0.6666666666666667,46-55,0.5685571675922213,0.6,150000,51170.14508329992,Severe
3830,20000,2,4,3,32,-1,3,0,-1,3,4,5938.23,3794.34,1318.86,4693.3,5849.71,3375.51,1357.64,2384.84,2660.65,132.58,347.15,1666.59,1,0.2969115,0.2080829166666666,0.3423895522417947,4,1.3333333333333333,3,-1.3333333333333337,26-35,0.5359023493554311,0.6,20000,6430.828192265173,Severe
3439,360000,1,3,2,32,4,-1,0,1,4,3,115348.11,26864.57,209182.53,102169.68,132513.02,174190.11,31138.7,19357.54,28602.91,52562.27,35798.76,17136.39,1,0.3204114166666666,0.3519759351851851,0.2428045967262966,4,1.8333333333333333,4,-1.6666666666666663,26-35,0.6149695281560216,0.6,360000,132833.41808170066,Severe
2696,90000,2,3,1,52,0,3,4,4,-1,0,50454.52,45651.96,14215.51,39397.13,6588.3,41303.85,10769.47,5248.39,9554.02,9603.89,10053.91,9247.12,1,0.5606057777777778,0.3659467962962962,0.2756765846401372,4,1.6666666666666667,3,1.3333333333333337,46-55,0.6263023357625529,0.6,90000,33820.326131177855,Severe
4101,20000,2,4,2,30,3,-1,4,0,2,-1,3597.15,3422.65,3790.04,10972.41,7313.86,8058.06,763.81,1533.13,2023.75,2513.96,670.55,941.96,0,0.1798575,0.3096180833333333,0.2273542915909573,4,1.1666666666666667,3,1.6666666666666667,26-35,0.462713898188373,0.6,20000,5552.566778260476,Severe
3633,20000,2,2,1,40,0,-1,3,-1,3,1,5854.46,8859.08,10745.67,8433.46,11972.1,2967.67,893.01,2187.22,1706.64,1118.04,2901.55,563.7,0,0.292723,0.4069369999999999,0.1918839197877476,3,0.8333333333333334,3,-0.3333333333333333,36-45,0.3782541729099834,0.6,20000,4539.050074919801,Severe
3598,150000,2,3,1,44,-1,1,1,-1,0,-1,76192.1,46365.7,42570.25,13412.01,18025.69,47204.09,2993.98,1258.29,19660.5,22398.26,11484.41,14384.4,0,0.5079473333333334,0.2708553777777777,0.2960983196280557,1,-0.1666666666666666,2,1.0,36-45,0.2297204340055182,0.6,150000,20674.839060496644,High
2678,360000,1,1,2,55,2,2,-1,3,2,2,106695.35,161094.42,46207.5,170435.5,200128.01,185927.9,23747.29,34063.99,37363.24,23213.7,1657.58,15024.32,0,0.2963759722222222,0.4030040185185186,0.1551658546553413,3,1.6666666666666667,5,-1.3333333333333337,46-55,0.4853214574174271,0.6,360000,104829.43480216428,Severe
441,360000,1,2,2,43,3,2,3,2,0,-1,177987.03,196977.46,79518.01,24381.08,16701.1,130191.98,28726.91,41185.12,802.97,6652.65,11988.15,2425.67,1,0.4944084166666667,0.2897021574074074,0.1466727817167778,3,1.5,4,2.333333333333333,36-45,0.5493528265884922,0.6,360000,118660.21054311431,Severe
4285,20000,1,4,3,21,1,-1,-1,2,1,3,10292.54,10089.5,7346.74,4748.38,7685.51,4743.04,2100.37,2111.77,144.68,525.6,2604.8,817.75,0,0.5146270000000001,0.3742142499999999,0.1849424048745694,3,0.8333333333333334,4,-2.333333333333333,18-25,0.4905583030448648,0.6,20000,5886.6996365383775,Severe
746,90000,1,2,1,21,-1,4,1,0,4,-1,37747.13,41125.91,5621.53,7368.71,27436.97,8416.8,8580.88,3264.44,1882.76,10114.11,173.22,7566.87,1,0.4194125555555555,0.2365130555555556,0.2472831935908322,4,1.1666666666666667,3,0.3333333333333332,18-25,0.6061878776366398,0.6,90000,32734.145392378552,Severe
2041,50000,1,2,2,44,2,3,3,1,0,3,23456.2,447.41,23444.94,26990.07,15775.69,21095.13,426.59,300.74,2156.82,5258.76,5741.18,4741.84,0,0.469124,0.3706981333333333,0.1674851523395855,3,2.0,5,1.3333333333333333,36-45,0.4685483453884811,0.6,50000,14056.450361654435,Severe
4888,150000,1,3,1,64,0,3,1,4,-1,4,63811.39,40817.53,87089.36,87736.57,69611.06,66399.39,3576.84,13070.5,21290.29,14203.38,6949.2,18114.21,0,0.4254092666666667,0.4616281111111111,0.1858263975354861,4,1.8333333333333333,4,-1.0000000000000002,56+,0.6018193219000888,0.6,150000,54163.738971008,Severe
1601,50000,2,4,1,26,3,2,4,0,2,4,21727.08,6799.33,26892.34,4454.64,5373.91,26868.81,1830.91,7020.68,6416.19,2174.8,3813.72,7132.23,1,0.4345416,0.3070537,0.3081820324371057,4,2.5,5,1.0,26-35,0.5919310124984954,0.6,50000,17757.930374954864,Severe
1972,360000,1,4,1,53,4,-1,1,2,2,4,46372.85,1160.54,44278.17,131764.82,187140.99,151735.18,8348.38,9659.67,10096.74,23967.41,32079.06,49699.24,1,0.1288134722222222,0.2603946990740741,0.2379765190859211,4,2.0,5,-1.3333333333333333,46-55,0.5696247574094646,0.6,360000,123038.94760044434,Severe
1751,360000,1,3,1,52,2,3,1,0,0,1,73712.6,76073.1,135341.76,125738.5,13474.25,36945.41,6203.32,30507.35,36664.58,38797.17,14536.07,2983.6,0,0.2047572222222222,0.2135581574074073,0.2811535508087158,3,1.1666666666666667,4,1.6666666666666667,46-55,0.4346526289400906,0.6,360000,93884.96785105958,Severe
2355,50000,2,1,3,61,2,-1,4,0,3,1,6101.28,25952.48,24029.51,18118.76,9304.3,7062.33,5050.48,6881.13,6838.87,2271.07,3634.2,4625.84,0,0.1220256,0.3018955333333333,0.3235290220701068,4,1.5,4,0.3333333333333335,56+,0.4681762110620451,0.6,50000,14045.286331861353,Severe
3351,20000,1,4,2,26,0,0,0,-1,1,3,8726.84,7595.49,6706.93,5471.02,4141.37,5579.94,1431.79,1376.49,2190.58,1349.51,508.25,697.34,1,0.436342,0.31851325,0.1976359434549949,3,0.5,2,-1.0,26-35,0.4305957221186386,0.6,20000,5167.148665423664,Severe
2080,20000,1,2,3,34,4,-1,0,1,3,4,6189.26,7479.9,6329.07,5158.07,1748.31,974.84,192.52,1116.02,2056.84,1348.28,1065.58,671.99,0,0.309463,0.23232875,0.2313973195310524,4,1.8333333333333333,4,-1.6666666666666663,26-35,0.5648846428801881,0.6,20000,6778.615714562257,Severe
871,90000,1,1,2,55,-1,-1,3,-1,3,-1,38519.11,29162.36,6454.59,18311.05,27252.67,13214.53,8875.7,9720.96,9281.83,4879.99,9210.81,8656.13,1,0.4279901111111111,0.2461376111111111,0.3808876561146801,3,0.3333333333333333,2,0.0,46-55,0.444918708597755,0.6,90000,24025.61026427877,Severe
1061,200000,2,1,1,41,1,0,3,-1,0,-1,58454.37,86482.94,109119.03,110125.39,10006.08,74906.35,1488.52,3877.89,5724.81,12989.61,15561.72,19415.55,1,0.29227185,0.3742451333333333,0.131504938741577,3,0.3333333333333333,2,2.0,36-45,0.4074337589132067,0.6,200000,48892.051069584806,Severe
3217,20000,2,2,3,46,0,0,1,1,4,2,8394.74,10898.17,5860.87,11538.76,7459.77,10061.3,2216.45,890.2,1684.26,1657.77,1469.04,1952.71,1,0.4197369999999999,0.4517800833333333,0.1820655366798116,4,1.3333333333333333,4,-2.0,46-55,0.588432713586464,0.6,20000,7061.192563037567,Severe
170,20000,2,3,2,21,2,0,0,4,-1,2,2957.7,3782.55,7246.97,11150.19,10285.52,2197.56,387.75,878.11,1197.96,300.45,2783.88,2834.97,1,0.147885,0.3135040833333334,0.2228338865336415,4,1.1666666666666667,3,-1.0,18-25,0.4695218862976306,0.6,20000,5634.262635571567,Severe
2912,20000,2,2,1,47,2,3,3,4,0,0,3953.62,174.35,2197.89,5934.94,902.79,5023.82,911.61,1667.68,766.31,2993.73,2626.39,2387.18,0,0.197681,0.15156175,0.6242175219011393,4,2.0,4,1.3333333333333333,46-55,0.4747726169205982,0.6,20000,5697.271403047178,Severe
1900,90000,2,4,1,57,-1,3,1,-1,2,0,12395.56,30427.42,1029.54,1239.52,43082.39,20506.05,2664.45,13386.44,6821.76,10188.37,13230.83,5555.39,0,0.1377284444444444,0.2012601481481481,0.4770611981102771,3,0.6666666666666666,3,0.6666666666666667,56+,0.3300162301093736,0.6,90000,17820.876425906175,High
2741,50000,1,4,1,27,0,1,3,-1,2,3,259.04,27783.45,24814.55,18593.79,11684.48,6518.93,5637.79,432.32,6888.73,6620.63,6549.96,2364.5,0,0.0051808,0.2988474666666666,0.317820216868717,3,1.3333333333333333,4,0.0,26-35,0.2763824752885084,0.6,50000,8291.474258655251,High
1555,90000,2,4,1,39,3,0,0,2,-1,2,45071.26,3648.99,38988.45,16074.24,26196.31,53607.76,12261.97,12017.33,13487.37,9456.48,5993.65,8134.21,0,0.5007917777777778,0.3399759444444444,0.3341794716303729,3,1.0,3,0.0,36-45,0.4654428105383331,0.6,90000,25133.911769069982,Severe
2193,50000,1,4,1,45,4,-1,-1,-1,4,4,530.42,8347.39,2366.84,8486.02,882.18,5565.56,4465.96,2790.48,1156.86,1251.41,7145.97,2716.6,0,0.0106083999999999,0.0872613666666666,0.7459307116054794,4,1.5,3,-1.666666666666667,36-45,0.3982812304848447,0.6,50000,11948.436914545342,Severe
2328,50000,2,4,3,50,1,-1,2,-1,1,4,25595.94,17124.44,9429.35,18105.75,4314.56,17643.12,833.36,3308.3,4252.69,3463.37,6765.56,3024.74,1,0.5119188,0.3073771999999999,0.2347606350330039,4,1.0,4,-0.6666666666666666,46-55,0.6448431516752408,0.6,50000,19345.294550257226,Severe
1549,90000,1,4,3,46,0,1,4,4,4,1,43763.66,8640.13,50491.66,53219.48,15128.35,8664.63,12740.41,786.56,13481.41,12416.05,6243.58,11468.78,0,0.4862628888888889,0.3331627962962963,0.31758909321997,4,2.333333333333333,5,-1.3333333333333333,46-55,0.6249973444293525,0.6,90000,33749.856599185034,Severe
2837,360000,1,1,3,38,2,3,3,-1,4,3,184923.5,162327.47,195846.44,61575.5,104012.61,153573.87,17046.98,38633.54,11119.72,14175.98,43374.28,41959.31,1,0.5136763888888889,0.399194162037037,0.1928767745863573,4,2.333333333333333,5,0.6666666666666665,36-45,0.6864424525528613,0.6,360000,148271.56975141802,Severe
2353,200000,2,1,3,37,3,-1,-1,0,2,0,34647.26,73243.99,38667.72,87968.09,61161.73,69421.17,23957.78,23422.38,27598.66,7791.65,27215.02,119.29,1,0.1732363,0.3042583,0.3015660816264777,3,0.5,2,-0.3333333333333333,36-45,0.3592910688110106,0.6,200000,43114.92825732128,Severe
4452,50000,1,4,1,35,3,0,2,0,0,-1,10723.87,26750.4,27511.73,11504.52,2561.16,29266.64,5361.85,4879.09,6819.3,4888.94,5149.81,4413.32,1,0.2144774,0.3610610666666666,0.2909231790153318,3,0.6666666666666666,2,2.0,26-35,0.3109006202437194,0.6,50000,9327.018607311584,High
3224,200000,1,2,2,57,1,1,1,0,-1,3,87657.01,110049.58,43776.69,25811.06,99645.74,90262.88,25043.54,18652.21,13064.25,14641.41,14103.6,2664.93,1,0.4382850499999999,0.3810024666666666,0.1928463892709706,3,0.8333333333333334,4,0.3333333333333333,56+,0.4912617754913548,0.6,200000,58951.41305896258,Severe
2395,90000,2,2,1,47,2,-1,0,4,1,2,22791.66,1985.26,47700.47,10945.13,13875.71,408.6,12104.23,10210.55,1284.71,5746.16,4524.16,2290.87,1,0.2532406666666666,0.1809385740740741,0.3700936771769179,4,1.3333333333333333,4,-2.0,46-55,0.5726058345705854,0.6,90000,30920.71506681161,Severe
1039,90000,2,3,2,40,1,2,4,3,-1,0,19384.72,50928.93,35136.2,13926.7,42636.67,26723.02,11236.32,2002.55,2633.31,789.5,10447.18,6839.22,1,0.2153857777777778,0.3495115555555554,0.179870490161296,4,1.5,4,1.666666666666667,36-45,0.5088671842048339,0.6,90000,27478.82794706103,Severe
1519,90000,1,1,1,29,3,3,0,1,3,4,8530.07,33880.43,22284.14,3889.58,35343.71,30166.37,11068.19,9454.89,10410.75,9506.06,2683.24,6645.75,0,0.0947785555555555,0.2483227777777777,0.3711483635024009,4,2.333333333333333,5,-0.6666666666666665,26-35,0.4796618503013999,0.6,90000,25901.7399162756,Severe
2198,360000,2,2,1,62,1,1,-1,4,4,2,172448.78,163311.48,202185.35,149629.4,188510.26,37968.51,12134.09,16895.71,50039.71,44125.41,10445.57,29689.83,0,0.4790243888888889,0.4231730462962962,0.1786878667029854,4,1.8333333333333333,5,-3.0,56+,0.7085474409221151,0.6,360000,153046.24723917685,Severe
2398,50000,1,1,1,22,0,0,1,2,2,3,23037.51,13523.79,26031.7,9405.29,22955.75,14114.75,5318.71,4751.81,7396.65,5675.64,5968.18,6697.67,1,0.4607501999999999,0.3635626333333334,0.3283126181192621,3,1.3333333333333333,4,-2.0,18-25,0.4653635816956261,0.6,50000,13960.90745086878,Severe
719,50000,1,1,3,21,0,3,4,3,2,0,11339.89,18928.36,11348.01,15223.71,13762.89,6019.85,581.38,1799.06,145.53,3587.87,4874.86,2253.9,1,0.2267978,0.2554090333333333,0.1728286561516814,4,2.0,4,0.6666666666666667,18-25,0.521348781217908,0.6,50000,15640.46343653724,Severe
553,200000,2,2,1,49,4,0,0,0,-1,4,12173.29,35893.36,95695.45,40445.62,79616.08,4122.28,19986.88,12734.14,17038.77,744.87,4651.71,15809.49,1,0.06086645,0.2232884,0.2648512715692649,4,1.1666666666666667,2,0.3333333333333332,46-55,0.4683300242106725,0.6,200000,56199.6029052807,Severe
2965,200000,2,2,2,23,-1,0,1,2,2,4,59300.72,28739.07,50270.49,15106.34,105490.44,5216.52,5125.12,16298.73,8805.5,10753.11,22923.07,29873.17,1,0.2965036,0.2201029833333333,0.3550561445517283,4,1.3333333333333333,4,-2.6666666666666665,18-25,0.6060354903780534,0.6,200000,72724.2588453664,Severe
1940,50000,2,2,2,63,0,2,1,-1,2,4,11017.76,7873.36,17.46,16646.82,11956.93,24248.13,2986.08,2629.2,5799.42,7351.03,4152.59,40.82,1,0.2203552,0.2392015333333333,0.3199413716132812,4,1.3333333333333333,4,-0.6666666666666667,56+,0.5337606229837323,0.6,50000,16012.818689511969,Severe
517,360000,2,2,2,44,2,0,4,1,3,-1,125896.15,197686.46,55908.36,16590.08,107901.69,35230.35,33743.38,11363.55,29570.78,16287.98,6188.9,52525.6,1,0.3497115277777777,0.2496356898148148,0.2775900525708676,4,1.5,4,1.0,36-45,0.6400660643780524,0.6,360000,138254.26990565928,Severe
1679,360000,1,2,3,60,0,-1,1,3,2,-1,174330.75,199998.96,153807.16,13740.13,205286.93,101373.62,43634.29,36959.87,15735.79,43830.73,50068.13,3465.26,1,0.4842520833333333,0.3928414583333333,0.2282681184822051,3,0.6666666666666666,3,-1.3333333333333333,56+,0.5325024748586827,0.6,360000,115020.53456947548,Severe
1744,20000,1,3,1,22,2,4,0,0,1,-1,999.55,9738.28,4087.6,6625.98,474.02,2766.39,1467.94,1545.69,2436.29,2410.48,548.98,1240.26,0,0.0499775,0.2057651666666666,0.3908031080738479,4,1.0,3,2.0,18-25,0.4098564772082425,0.6,20000,4918.27772649891,Severe
4578,50000,2,1,3,27,1,1,3,-1,1,3,1033.9,6295.78,11102.76,15100.74,22162.68,6810.7,252.99,5719.05,4762.07,2661.89,6564.03,6157.6,0,0.020678,0.2083552,0.4178382237000404,3,1.3333333333333333,5,0.6666666666666667,26-35,0.3064607178686408,0.6,50000,9193.821536059224,High
2133,150000,1,3,1,55,1,1,4,3,1,3,59477.06,81682.73,75152.23,65444.24,63479.6,38095.4,17494.48,12718.28,10345.37,21556.12,16687.24,3062.46,1,0.3965137333333333,0.4259236222222222,0.2135592855119616,4,2.1666666666666665,6,-0.3333333333333335,46-55,0.6180098811638873,0.6,150000,55620.88930474986,Severe
3308,20000,2,4,2,41,-1,1,2,4,4,0,9838.23,4104.57,6352.82,3211.02,11823.95,497.35,1664.51,415.35,220.57,2449.08,494.73,2833.96,0,0.4919115,0.2985661666666666,0.2254720757040455,4,1.6666666666666667,4,-2.0,36-45,0.6344542724515676,0.6,20000,7613.451269418811,Severe
2237,50000,2,4,1,58,1,4,4,4,4,0,28071.77,19170.14,25870.08,6718.38,18713.17,2019.51,3314.3,3547.99,5265.27,7468.43,3752.73,3651.21,0,0.5614354,0.3352101666666667,0.2684875806769982,4,2.833333333333333,5,0.3333333333333335,56+,0.6464298146597414,0.6,50000,19392.89443979224,Severe
3505,20000,1,3,3,27,4,0,-1,4,4,3,8525.19,4941.61,27.42,10835.76,51.49,3028.21,2553.18,822.88,2972.07,2906.58,1984.28,692.4,1,0.4262595,0.2284139999999999,0.4352984055268065,4,2.333333333333333,4,-2.6666666666666665,26-35,0.5850880644047772,0.6,20000,7021.056772857327,Severe
3068,200000,1,4,3,45,1,4,3,0,2,1,111894.51,85064.74,114657.92,107394.71,7.46,104504.76,19071.64,14432.29,29468.43,22374.72,23248.67,25054.6,1,0.55947255,0.4362700833333334,0.255289775580532,4,1.8333333333333333,5,1.6666666666666663,36-45,0.6511243111276509,0.6,200000,78134.91733531811,Severe
3346,200000,2,1,2,64,2,-1,0,0,2,4,7620.91,101572.75,2442.5,88256.94,46838.64,107371.81,16450.39,22596.29,27473.02,13978.47,18971.09,10763.01,0,0.03810455,0.2950862916666666,0.3112995337098427,4,1.1666666666666667,3,-1.6666666666666667,56+,0.4721734729531047,0.6,200000,56660.816754372565,Severe
4717,360000,1,2,3,47,3,0,3,-1,0,-1,168125.75,179901.88,56933.87,57410.95,196458.74,113263.91,13560.76,21480.99,29343.84,21461.52,625.19,29608.17,0,0.4670159722222222,0.3574514351851852,0.150344782656955,3,0.6666666666666666,2,2.6666666666666665,46-55,0.4943193242863442,0.6,360000,106772.97404585034,Severe
645,200000,2,4,3,47,2,1,2,2,-1,3,6708.02,103151.44,950.82,29435.32,51825.47,32690.77,3835.63,27350.95,14403.33,22858.76,8141.63,5061.11,1,0.0335401,0.1873015333333333,0.3632796830636375,3,1.5,5,0.3333333333333335,46-55,0.3429159640185,0.6,200000,41149.91568222001,High
4132,360000,2,3,2,50,2,0,2,1,-1,1,14714.34,124980.72,75307.84,66624.09,201759.18,92506.8,18602.8,26651.05,6335.38,24650.4,34629.83,21475.43,1,0.0408731666666666,0.2666171157407407,0.2298081360500025,2,0.8333333333333334,4,1.0,46-55,0.2458234690739091,0.6,360000,53097.869319964375,High
3248,20000,1,2,3,37,2,2,-1,4,4,3,11037.82,8764.1,7209.95,9668.12,11220.06,3407.93,259.91,981.81,2576.36,2932.23,2245.1,1805.97,0,0.551891,0.4275665,0.2105204687457974,4,2.333333333333333,5,-2.6666666666666665,36-45,0.644964110340088,0.6,20000,7739.569324081056,Severe
4780,20000,1,4,3,64,1,4,-1,3,-1,0,9955.39,2815.16,1066.15,5103.95,5690.78,1635.72,2167.79,1401.1,171.83,972.18,2119.88,690.53,0,0.4977695,0.2188929166666666,0.2864151611423394,4,1.0,3,0.6666666666666666,56+,0.6159214061575434,0.6,20000,7391.056873890521,Severe
1157,20000,1,3,1,24,4,-1,4,3,1,0,10565.0,2598.1,11803.37,208.21,10946.69,5563.25,2703.53,2206.96,1398.15,1269.65,2382.72,856.94,1,0.52825,0.3473718333333334,0.25951897846256,4,1.8333333333333333,4,1.0000000000000002,18-25,0.6127217372439601,0.6,20000,7352.66084692752,Severe
1099,20000,1,2,2,55,1,2,2,2,2,0,5702.42,7962.87,2936.85,1059.4,10353.87,7394.52,2047.63,2222.49,2174.03,1475.69,71.13,203.14,1,0.285121,0.29508275,0.2314071222394395,2,1.5,5,0.3333333333333335,46-55,0.2739922094431669,0.6,20000,3287.906513318003,High
1765,150000,1,2,3,42,2,4,0,4,2,0,41506.84,14358.78,48226.32,83114.44,63587.25,86639.94,17989.94,5603.1,13409.06,19323.3,19282.33,19810.25,1,0.2767122666666666,0.3749261888888889,0.2827755993572305,4,2.0,4,0.0,36-45,0.5298430995728793,0.6,150000,47685.87896155914,Severe
4318,90000,1,4,1,46,1,4,1,-1,0,4,9739.29,47537.8,8959.85,10840.4,39686.26,5743.8,2192.03,8209.44,2637.44,3299.61,9381.05,1862.41,0,0.1082143333333333,0.2268655555555555,0.2251454197868863,4,1.5,4,1.0,46-55,0.482884547400793,0.6,90000,26075.765559642823,Severe
2637,90000,2,1,1,27,4,-1,-1,3,4,2,33320.14,32863.16,20357.91,41885.64,43192.86,10925.22,12081.7,10275.2,5923.82,347.94,5117.99,3250.73,1,0.3702237777777777,0.3380461666666667,0.2026754728274294,4,1.8333333333333333,4,-2.333333333333333,26-35,0.605077398871542,0.6,90000,32674.179539063265,Severe
3028,200000,2,2,1,22,4,3,2,0,0,1,104081.08,11595.99,71771.4,42862.98,49793.83,79398.72,7749.24,28341.89,13114.65,1701.78,28372.72,8927.73,1,0.5204054,0.2995866666666666,0.2453603019716053,4,1.6666666666666667,4,2.6666666666666665,18-25,0.6565050378452603,0.6,200000,78780.60454143122,Severe
99,150000,2,3,1,62,3,4,-1,4,3,1,36566.63,19432.8,32064.45,78472.08,81108.81,84134.33,14910.52,13228.16,3502.63,9471.21,13350.67,4355.1,1,0.2437775333333333,0.3686434444444444,0.1772814803584674,4,2.333333333333333,5,-0.6666666666666665,56+,0.5582229510762431,0.6,150000,50240.06559686188,Severe
1404,50000,1,4,2,61,-1,4,0,4,3,-1,14109.44,3409.45,20862.72,8694.93,2612.83,29619.64,1050.23,1745.46,4741.81,1502.9,765.5,5411.09,1,0.2821888,0.2643633666666667,0.1918696249013825,4,1.5,3,-1.0,56+,0.5401515965184824,0.6,50000,16204.547895554471,Severe
1926,20000,1,3,3,21,2,2,0,2,0,4,206.6,7620.39,6968.63,8456.77,718.99,5573.62,2739.41,2365.69,14.66,2375.49,1110.03,536.88,1,0.0103299999999999,0.2462083333333333,0.3094317143340667,4,1.6666666666666667,4,-0.6666666666666667,18-25,0.4142874966839701,0.6,20000,4971.44996020764,Severe
1011,50000,2,1,2,38,4,4,2,2,-1,3,17821.56,22510.7,29131.57,15553.41,18549.85,23404.05,3387.98,5410.5,4932.59,4036.01,5538.12,5653.0,0,0.3564312,0.4232371333333333,0.228069150202164,4,2.333333333333333,5,2.0,36-45,0.5491987831969636,0.6,50000,16475.96349590891,Severe
4976,200000,1,4,2,29,1,0,2,2,3,2,100084.07,31862.41,39621.48,89003.62,25398.51,114925.27,2905.43,10686.66,8750.72,26394.02,16312.17,21764.82,1,0.5004203500000001,0.3340794666666667,0.2165498248720065,3,1.6666666666666667,5,-1.3333333333333337,26-35,0.5310779757497547,0.6,200000,63729.35708997056,Severe
4066,90000,1,4,3,49,2,2,2,4,1,2,52750.19,24074.78,50471.52,22540.88,40503.04,17147.46,12857.01,7805.89,11765.63,6681.01,2676.86,9996.52,1,0.5861132222222223,0.3842367962962963,0.2495708303333587,4,2.1666666666666665,6,-0.3333333333333335,46-55,0.6750357975109983,0.6,90000,36451.93306559391,Severe
4884,20000,2,1,2,23,4,0,3,4,2,2,1212.64,9321.5,4874.09,3937.57,11231.75,10630.37,1161.3,1409.06,2071.73,2130.7,1349.11,807.79,0,0.060632,0.3433993333333333,0.2166983919596038,4,2.5,5,-0.333333333333333,18-25,0.445058600132712,0.6,20000,5340.703201592543,Severe
557,200000,2,3,2,25,0,3,0,2,-1,3,26305.92,112764.51,57861.67,48157.23,45464.87,28581.98,5103.42,9476.06,2696.13,17716.88,25722.75,19775.3,0,0.1315296,0.2659468166666667,0.252213772816357,3,1.1666666666666667,3,-0.3333333333333332,18-25,0.3579532066827316,0.6,200000,42954.384801927794,Severe
3278,50000,2,2,3,52,0,-1,-1,4,0,2,24195.89,26542.98,27718.98,25497.85,14941.99,909.87,6175.33,1597.16,3383.31,871.6,1186.02,5676.27,1,0.4839178,0.3993585333333332,0.1576669285310543,4,0.6666666666666666,2,-2.6666666666666665,46-55,0.6150695137845139,0.6,50000,18452.085413535417,Severe
429,20000,1,1,1,22,2,0,0,-1,2,3,4466.19,6158.36,2055.74,902.77,9911.4,11113.01,2196.74,227.66,489.43,1210.19,2504.97,1220.41,1,0.2233094999999999,0.2883955833333333,0.2268123038176439,3,1.0,3,-0.6666666666666666,18-25,0.3656109022147533,0.6,20000,4387.330826577039,Severe
2654,90000,2,3,3,32,1,2,2,2,2,-1,40260.26,29513.15,34943.63,34755.0,39182.27,4781.57,6754.86,6576.78,391.2,3664.79,11050.31,6741.27,1,0.4473362222222222,0.3396960740740741,0.1917793291039899,2,1.3333333333333333,5,0.6666666666666667,26-35,0.3387277385991026,0.6,90000,18291.29788435154,High
373,90000,1,3,3,36,2,1,1,4,1,0,22549.09,53228.29,35215.27,35501.92,33677.56,35104.17,174.5,7132.86,1845.42,2083.51,11966.98,9063.66,1,0.2505454444444444,0.3986598148148148,0.1498861230892578,4,1.5,5,-0.3333333333333335,36-45,0.5407074009549411,0.6,90000,29198.199651566814,Severe
4342,90000,2,2,2,27,1,3,-1,4,3,3,4714.46,36334.23,36743.17,25457.99,24314.41,22791.07,1766.84,5836.96,1181.07,8672.76,5212.1,205.22,1,0.0523828888888888,0.2784357962962963,0.1521392690235856,4,2.1666666666666665,5,-2.333333333333333,26-35,0.49453615668515,0.6,90000,26704.952460998094,Severe
1553,150000,2,4,3,28,2,0,0,4,0,3,2068.46,10278.1,39772.51,41439.56,73243.31,83312.13,7381.48,20772.4,9584.88,15315.83,14767.64,12669.29,0,0.0137897333333333,0.2779045222222222,0.3218192403170282,4,1.5,3,-1.666666666666667,26-35,0.4294747466370312,0.6,150000,38652.72719733281,Severe
4050,90000,1,1,2,53,4,-1,3,2,3,4,22132.98,32761.21,12968.55,40921.95,51182.33,49736.05,157.26,1754.31,11105.79,6.51,6784.39,1799.91,0,0.245922,0.3883390185185185,0.1030417437379433,4,2.5,5,-1.0,46-55,0.5485709629507001,0.6,90000,29622.831999337806,Severe
4074,360000,1,4,2,50,1,4,3,2,2,3,108090.76,13539.69,176244.59,161845.36,49690.34,65952.76,41285.73,51727.09,6399.51,21099.43,33075.7,33232.14,0,0.3002521111111111,0.2663719907407407,0.3246983863244714,4,2.5,6,0.333333333333333,46-55,0.6247637052208695,0.6,360000,134948.9603277078,Severe
3754,50000,1,4,3,52,0,3,1,3,-1,3,19127.78,425.28,1669.98,14786.56,862.39,26432.35,5975.17,3626.07,511.64,4338.14,5160.57,6506.56,1,0.3825556,0.2110144666666666,0.4125807172146492,3,1.5,4,-0.3333333333333335,46-55,0.4268670021235457,0.6,50000,12806.010063706372,Severe
2721,150000,2,3,3,21,-1,2,0,-1,1,3,54124.08,55036.14,48920.8,928.3,16806.87,44535.73,15648.26,11181.25,11375.71,1702.48,15488.45,11010.09,1,0.3608272,0.2448354666666666,0.3013644718866076,3,0.6666666666666666,3,-0.6666666666666667,18-25,0.4469981145685837,0.6,150000,40229.83031117253,Severe
4092,20000,2,2,3,33,2,4,4,-1,3,1,2361.41,2945.74,3595.03,98.65,7800.97,10785.19,863.32,1641.47,2187.26,1063.04,1883.81,1184.87,1,0.1180705,0.2298915833333333,0.3198525826848091,4,2.1666666666666665,5,2.333333333333333,26-35,0.4621445465148504,0.6,20000,5545.734558178205,Severe
1414,200000,2,2,3,21,1,2,4,2,1,-1,15260.8,106283.09,98437.63,18937.52,82502.93,118924.95,20595.43,26747.5,28967.35,24020.18,9189.28,14158.82,0,0.076304,0.3669557666666667,0.2808661861425078,4,1.5,5,1.666666666666667,18-25,0.4725575778777143,0.6,200000,56706.90934532572,Severe
4400,150000,2,1,3,55,2,4,2,3,3,0,47035.94,82882.51,64624.49,38158.4,40429.8,69563.99,17981.12,21502.59,16694.42,18205.01,21960.88,3849.69,0,0.3135729333333333,0.3807723666666667,0.2923698098656961,4,2.333333333333333,5,0.6666666666666665,46-55,0.5619591632623754,0.6,150000,50576.32469361379,Severe
2148,360000,1,2,1,40,3,0,3,3,3,2,158680.77,74803.16,203043.8,160470.49,133303.8,109273.64,31639.2,15260.52,2354.52,28883.75,437.43,51843.46,0,0.4407799166666666,0.3886924351851852,0.1553390435353973,3,2.333333333333333,5,-0.6666666666666665,36-45,0.5332919123279876,0.6,360000,115191.0530628453,Severe
3717,90000,2,3,2,51,-1,2,3,-1,4,1,14146.34,32872.26,45277.61,12905.05,19464.08,51891.0,4857.68,10604.32,7435.89,659.07,11795.87,1489.71,1,0.1571815555555555,0.3269561851851852,0.2086729935611488,4,1.3333333333333333,4,0.0,46-55,0.5006382460294339,0.6,90000,27034.465285589427,Severe
2688,150000,1,3,1,47,2,-1,-1,2,4,2,33529.68,11426.58,13497.88,53907.62,34012.29,20929.46,18434.6,8525.1,2727.23,1528.53,12179.52,21763.15,1,0.2235312,0.1858927888888889,0.3894606275744005,4,1.3333333333333333,4,-2.6666666666666665,46-55,0.5656018903920425,0.6,150000,50904.17013528382,Severe
2479,20000,1,4,2,55,-1,4,1,3,-1,0,925.05,3891.4,9033.1,9422.2,2327.06,3282.65,932.3,1236.87,1467.71,1190.03,2900.63,1057.32,1,0.0462524999999999,0.2406788333333333,0.3041695260558157,4,1.0,3,0.6666666666666666,46-55,0.4186053373325537,0.6,20000,5023.264047990644,Severe
4740,150000,2,4,1,48,0,0,2,4,0,4,3164.21,49051.36,15077.36,24035.94,88192.82,8626.41,20147.21,13093.11,21475.39,13197.78,6989.72,3144.29,0,0.0210947333333333,0.2090534444444444,0.4148194959183749,4,1.6666666666666667,3,-2.0,46-55,0.4442540728152273,0.6,150000,39982.866553370455,Severe
4443,200000,1,4,2,29,4,1,3,2,2,2,9115.73,24491.34,102647.93,37313.12,19386.98,34599.84,17037.88,8015.22,28109.45,3538.6,919.87,1723.2,1,0.04557865,0.1896291166666666,0.2607907347561868,4,2.333333333333333,6,0.6666666666666665,26-35,0.5037722678733411,0.6,200000,60452.67214480093,Severe
286,360000,1,2,1,46,0,-1,2,2,1,3,161905.23,151277.3,131787.8,105368.55,101254.86,86601.21,17269.41,10674.25,38535.84,5692.75,2628.26,10231.02,0,0.44973675,0.3417569212962962,0.1151884471710352,3,1.1666666666666667,4,-1.6666666666666667,46-55,0.5594511950268258,0.6,360000,120841.45812579436,Severe
1711,90000,2,3,1,34,0,0,1,-1,1,-1,5177.15,17735.63,14057.05,40097.76,15321.47,31840.12,8772.34,7229.47,13452.71,10624.92,12974.1,10545.95,0,0.0575238888888888,0.230054037037037,0.5119529083263691,1,0.0,2,0.6666666666666666,26-35,0.1070529570403669,0.6,90000,5780.859680179815,Medium
1445,20000,1,2,3,22,1,-1,3,-1,0,4,7134.52,7902.25,1333.88,8651.74,6357.5,1543.77,1090.42,601.84,570.02,2210.66,1309.25,308.61,0,0.356726,0.2743638333333333,0.1849976582190437,4,1.0,3,0.0,18-25,0.563507123125099,0.6,20000,6762.085477501188,Severe
4053,200000,1,1,3,23,2,-1,-1,-1,1,1,109989.66,1351.75,91334.45,46434.07,56916.16,20472.22,28084.48,11064.03,1551.33,21084.62,15473.67,20535.45,0,0.5499483000000001,0.2720819249999999,0.2995224691974669,2,0.1666666666666666,3,-0.3333333333333333,18-25,0.3930992436555865,0.6,200000,47171.90923867038,Severe
249,200000,2,4,2,60,0,2,-1,4,4,2,20815.05,101264.74,99339.98,68062.79,29959.37,5984.02,12408.27,935.57,3966.84,1965.21,29740.92,26683.45,1,0.10407525,0.2711882916666666,0.2326190028791496,4,1.8333333333333333,4,-3.0,56+,0.5215684506727128,0.6,200000,62588.214080725535,Severe
4032,150000,2,4,1,34,2,-1,0,2,0,0,9374.91,55701.08,60645.46,26495.58,30135.8,3220.97,20593.83,4341.97,10061.81,10968.4,4012.74,14746.37,0,0.0624994,0.2061931111111111,0.3487837183912815,2,0.5,2,-0.3333333333333333,26-35,0.201899686371252,0.6,150000,18170.97177341269,High
725,200000,2,3,3,30,3,4,0,2,2,1,12487.13,81051.69,56651.16,25323.19,60443.89,16755.48,27095.68,20874.43,22487.25,27064.61,16351.24,14468.53,0,0.0624356499999999,0.2105937833333333,0.5078566342612044,4,2.0,5,0.6666666666666667,26-35,0.4684089416144595,0.6,200000,56209.07299373514,Severe
1045,200000,1,2,1,47,3,3,1,2,0,1,60951.96,62709.23,45298.61,81011.27,43283.17,8513.72,15029.48,28539.65,18546.17,3702.1,16576.76,22249.15,1,0.3047597999999999,0.2514732999999999,0.3467674633185048,3,1.6666666666666667,5,1.3333333333333337,46-55,0.4422008651614768,0.6,200000,53064.1038193772,Severe
730,150000,2,3,1,39,2,3,4,0,1,1,24835.48,5173.59,35167.08,23330.32,42011.34,44708.11,18614.87,1316.59,1164.4,10070.96,1775.39,1164.15,1,0.1655698666666666,0.1946954666666666,0.1946422081847252,4,1.8333333333333333,5,2.333333333333333,36-45,0.5427876261227036,0.6,150000,48850.88635104332,Severe
2785,360000,2,3,3,42,1,-1,1,1,0,-1,5753.95,109577.44,30110.12,199371.58,33244.49,210345.07,4215.14,48947.78,52096.48,9631.92,13234.69,12118.24,0,0.0159831944444444,0.2724086342592592,0.2383474139689887,1,0.1666666666666666,3,0.3333333333333333,36-45,0.1412979938735274,0.6,360000,30520.36667668193,Medium
3455,200000,1,1,3,60,3,4,1,0,3,2,27056.25,50430.22,71978.98,85387.65,2783.1,36339.31,12768.56,24768.34,28474.59,21928.28,1563.23,25850.56,0,0.13528125,0.228312925,0.4210360261762082,4,2.1666666666666665,5,0.9999999999999998,56+,0.5082700945983596,0.6,200000,60992.41135180314,Severe
1114,50000,1,3,2,48,-1,4,-1,-1,1,3,9205.28,28270.4,10156.7,28087.28,24449.19,12502.86,2819.62,2258.9,3146.83,1405.84,3017.4,7182.36,1,0.1841056,0.3755723666666667,0.1760064704795906,4,0.8333333333333334,3,-0.3333333333333333,46-55,0.483586641507477,0.6,50000,14507.599245224312,Severe
4150,90000,2,1,2,58,1,1,4,3,0,4,40742.95,31712.4,39307.59,4507.54,42880.82,20629.12,7913.21,8631.35,10828.86,1810.79,3656.55,12863.22,0,0.4526994444444444,0.3329267037037037,0.2542211215214649,4,2.1666666666666665,5,-0.3333333333333335,56+,0.6339539926759709,0.6,90000,34233.51560450243,Severe
207,200000,2,2,3,52,3,2,-1,3,1,2,85806.35,18090.04,46842.75,64441.83,76562.35,71902.8,23946.94,27766.45,9561.23,14417.27,4876.21,5534.86,1,0.42903175,0.3030384333333333,0.2367767872787972,3,1.6666666666666667,5,-0.6666666666666667,46-55,0.5119145254591064,0.6,200000,61429.74305509277,Severe
2189,90000,1,1,2,32,2,1,1,-1,0,1,29281.5,14095.65,32745.14,5202.45,8766.13,3418.55,4066.0,10123.05,2998.61,7634.57,6123.46,9558.78,0,0.32535,0.1731655925925926,0.4331592474854404,2,0.6666666666666666,4,1.3333333333333333,26-35,0.2913427332022462,0.6,90000,15732.507592921296,High
1345,50000,2,1,3,28,0,4,2,2,1,-1,6381.03,18023.74,28609.71,6168.68,8849.99,19603.52,6443.01,5778.65,704.25,2833.53,1154.07,4371.25,1,0.1276206,0.2921222333333333,0.2428750430613121,4,1.3333333333333333,4,1.3333333333333337,26-35,0.473661385573646,0.6,50000,14209.84156720938,Severe
3905,360000,1,3,2,47,1,3,2,3,1,-1,187674.45,107347.77,200318.04,72393.3,139476.65,139379.92,18437.79,30080.02,21263.34,2306.0,44291.14,11001.48,0,0.5213179166666667,0.391939875,0.1504621486669115,3,1.5,5,1.0,46-55,0.5632132383870054,0.6,360000,121654.05949159316,Severe
4933,360000,2,1,2,21,4,2,3,-1,3,3,131190.87,50448.58,193403.56,63548.09,95183.93,192512.98,808.11,7857.24,333.65,46846.23,30046.18,26519.18,1,0.3644190833333333,0.3362444490740741,0.1547741232847834,4,2.333333333333333,5,1.3333333333333333,18-25,0.6462280501755163,0.6,360000,139585.25883791153,Severe
1051,150000,2,4,1,39,3,3,-1,4,2,2,15528.26,59804.12,41195.55,54006.42,48767.52,87677.69,11402.35,16568.7,1934.94,19284.38,16487.27,11721.1,1,0.1035217333333333,0.3410884,0.2521299463716737,4,2.1666666666666665,5,-0.9999999999999998,36-45,0.4924655520030154,0.6,150000,44321.89968027139,Severe
4341,20000,1,3,1,51,-1,2,0,0,4,0,9936.48,1371.36,11332.56,10081.57,7919.57,8946.01,2726.94,1972.05,2354.19,671.44,1504.28,1507.42,1,0.496824,0.4132295833333334,0.2165124108773271,4,0.8333333333333334,2,-1.0,46-55,0.5882723764104245,0.6,20000,7059.2685169250935,Severe
3197,50000,1,1,3,35,3,1,4,2,3,-1,29302.22,2286.64,9103.88,11233.8,26243.01,4781.79,2302.29,5454.24,5934.54,1307.43,208.12,3395.97,1,0.5860444,0.2765044666666666,0.2242590656160588,4,2.0,5,1.3333333333333333,26-35,0.6738050970278426,0.6,50000,20214.15291083528,Severe
1278,200000,1,4,2,55,0,1,1,-1,-1,-1,49310.3,84782.78,114965.17,87899.65,6788.51,44278.88,14886.16,28790.32,16196.39,22288.19,16147.98,15107.46,0,0.2465515,0.3233544083333334,0.2922915153288075,1,-0.1666666666666666,2,1.6666666666666663,46-55,0.1518163222451745,0.6,200000,18217.95866942094,High
1399,20000,2,4,1,46,0,-1,4,2,4,2,3633.58,1041.52,1237.93,1744.46,10111.58,8521.02,2685.74,232.5,399.07,1965.79,469.7,2449.39,1,0.181679,0.2190840833333333,0.3119879011444997,4,1.8333333333333333,4,-1.6666666666666663,46-55,0.5087020513107909,0.6,20000,6104.424615729491,Severe
3456,360000,1,4,3,28,0,0,1,4,1,1,65516.16,212868.63,24585.97,200969.84,109393.05,187930.39,17768.51,24025.31,32294.84,14146.87,36555.55,27219.13,1,0.1819893333333333,0.3709555740740741,0.1897130064641363,4,1.1666666666666667,4,-1.6666666666666667,26-35,0.5624704530885246,0.6,360000,121493.61786712131,Severe
1334,200000,1,3,1,25,0,3,4,4,1,3,13495.8,25325.93,54216.24,27555.51,64588.54,111681.8,24668.37,845.42,269.56,13213.32,24882.0,8290.5,0,0.067479,0.2473865166666667,0.2431053066688961,4,2.5,5,-0.333333333333333,18-25,0.4955473725654991,0.6,200000,59465.68470785989,Severe
3858,20000,1,3,3,31,1,-1,1,2,4,4,3129.99,4373.39,2137.0,2805.3,4910.56,7021.58,709.17,672.5,534.24,788.68,2609.56,1918.34,0,0.1564994999999999,0.2031484999999999,0.2966832144957999,4,1.8333333333333333,5,-3.0,26-35,0.5207024472273621,0.6,20000,6248.4293667283455,Severe
4200,50000,1,3,2,38,3,4,1,-1,1,1,5630.01,20839.28,19730.15,7412.15,1889.66,1202.62,18.21,2592.67,924.29,1108.03,5418.31,2370.28,0,0.1126002,0.1890129,0.2192405915151822,4,1.5,5,2.333333333333333,36-45,0.4929628483808841,0.6,50000,14788.885451426526,Severe
4002,360000,2,3,2,21,-1,2,4,1,3,2,180720.95,114425.18,144618.07,86758.15,125780.73,29224.04,2928.23,49975.2,23405.09,14253.31,32860.85,30141.78,0,0.502002638888889,0.3155218148148148,0.2253240634063102,4,1.8333333333333333,5,-0.3333333333333332,18-25,0.7051182659201783,0.6,360000,152305.5454387585,Severe
3153,50000,1,2,3,40,4,0,2,0,2,-1,16837.83,12358.51,16073.79,13187.14,28375.07,27271.8,4622.57,7405.38,1510.57,2031.65,7054.89,7050.83,0,0.3367566,0.3803471333333333,0.2600772417197132,4,1.1666666666666667,3,1.6666666666666667,36-45,0.5182785108877083,0.6,50000,15548.355326631246,Severe
1920,150000,1,3,3,55,1,-1,2,4,4,-1,73302.98,58513.57,79057.73,13956.25,15830.66,60680.54,1718.36,18322.55,9485.66,16662.72,7486.61,18778.67,1,0.4886865333333333,0.3348241444444444,0.2404398819904565,4,1.5,4,-1.666666666666667,46-55,0.6483282035281409,0.6,150000,58349.53831753268,Severe
3605,360000,1,1,3,29,1,4,1,-1,3,4,212560.84,54727.5,98098.36,165456.08,23204.78,181840.94,7428.02,169.39,36182.21,15589.37,44533.15,45309.71,1,0.5904467777777778,0.3406891203703703,0.2027642095235895,4,2.0,5,0.0,26-35,0.7300983387198825,0.6,360000,157701.24116349462,Severe
2119,150000,1,4,2,39,0,4,0,-1,1,1,76235.64,26619.36,4070.38,53700.77,83417.71,18140.92,18931.82,17556.74,9860.32,1554.54,21655.47,484.27,1,0.5082376,0.2913164222222221,0.2671518918832741,4,0.8333333333333334,3,1.0,36-45,0.6346330457513921,0.6,150000,57116.974117625294,Severe
3985,360000,2,1,2,30,1,3,4,-1,1,4,197189.38,194592.61,122148.31,39910.1,122414.93,88621.53,5699.27,16708.98,34636.36,33441.34,41174.59,24466.0,1,0.5477482777777778,0.3541096574074074,0.2041198370153333,4,2.0,5,1.3333333333333333,26-35,0.712067110813585,0.6,360000,153806.49593573436,Severe
790,20000,1,2,2,64,2,0,0,4,1,1,11662.07,2364.94,10548.46,1325.96,1078.47,8206.29,381.57,1105.02,2653.2,12.47,2055.31,2959.12,1,0.5831035,0.29321825,0.260519539057795,4,1.3333333333333333,4,-1.3333333333333337,56+,0.6724072482248216,0.6,20000,8068.886978697859,Severe
1407,90000,2,3,2,53,3,0,4,4,2,1,11916.92,39865.91,23976.1,38193.25,16810.11,45420.25,9801.86,6620.06,1519.69,3292.71,8470.75,11649.57,1,0.1324102222222222,0.3262639629629629,0.2347260971490137,4,2.333333333333333,5,0.0,46-55,0.4899312294635893,0.6,90000,26456.286391033824,Severe
3072,90000,1,2,1,38,3,-1,2,1,0,-1,44233.31,36827.71,51346.55,6878.46,2221.12,35717.23,10386.4,1990.87,9808.29,10731.38,12817.63,4433.77,0,0.4914812222222222,0.3281932962962963,0.2830780956886405,3,0.6666666666666666,3,1.3333333333333333,36-45,0.467983522644965,0.6,90000,25271.11022282811,Severe
4742,90000,1,1,3,40,2,1,1,-1,0,2,18214.99,10773.85,49546.69,29482.46,25036.11,40777.26,11855.03,2544.88,1753.12,8929.73,11657.15,562.77,0,0.2023887777777778,0.3219099259259259,0.2145911991944376,2,0.8333333333333334,4,1.0,36-45,0.244574028019565,0.6,90000,13206.997513056513,High
300,20000,1,3,3,58,1,4,3,4,-1,0,8358.09,6111.1,8552.49,4879.89,2830.87,11940.86,1412.09,1516.78,321.07,61.96,1849.03,1126.2,1,0.4179045,0.3556108333333334,0.1473317038991594,4,1.8333333333333333,4,1.6666666666666663,56+,0.5725001295704526,0.6,20000,6870.00155484543,Severe
1962,360000,2,1,2,40,1,-1,2,4,-1,3,213965.92,204123.94,18708.09,191798.94,46823.99,26348.28,42774.66,31696.84,27092.13,16613.93,830.13,50956.36,0,0.5943497777777779,0.3248931296296296,0.242193672346616,4,1.3333333333333333,4,-1.3333333333333337,36-45,0.7388733678813078,0.6,360000,159596.64746236245,Severe
864,200000,1,3,2,30,2,2,1,4,3,0,17135.96,4451.68,75977.31,49730.85,59116.14,30266.58,7504.75,14951.24,13966.05,29001.05,18670.92,12950.81,1,0.0856798,0.1972321,0.410027999161056,4,2.0,5,-0.6666666666666667,26-35,0.5008230175430777,0.6,200000,60098.76210516932,Severe
1065,200000,2,1,3,37,3,-1,1,0,3,0,51071.02,100736.5,33239.19,36030.01,73663.42,13238.23,12591.7,15919.3,3325.39,5040.52,3995.79,18022.0,1,0.2553551,0.2566486416666667,0.1912299880020795,3,1.0,3,0.0,36-45,0.4235422142182079,0.6,200000,50825.06570618495,Severe
3245,200000,1,4,2,47,0,-1,0,-1,2,4,20989.79,8260.39,13528.06,65959.0,39283.91,40810.15,24001.09,6185.06,15265.92,16237.36,6867.91,22733.09,1,0.10494895,0.1573594166666666,0.4834496717440382,4,0.6666666666666666,2,-2.0,46-55,0.4824577752221423,0.6,200000,57894.93302665707,Severe
4121,200000,1,3,1,49,2,3,0,2,2,1,5063.22,118554.39,3694.14,69105.79,82797.99,24604.24,27826.92,2801.17,13833.88,20081.09,15510.73,23401.8,0,0.0253161,0.2531831416666666,0.3405163199221697,3,1.6666666666666667,5,0.0,46-55,0.3340796071074368,0.6,200000,40089.55285289241,High
58,20000,2,2,3,57,2,2,1,3,-1,0,3516.48,2192.05,7823.63,3101.61,767.42,6416.19,2188.11,55.92,2022.54,2580.99,940.95,1911.3,0,0.175824,0.1984781666666666,0.407257641268687,3,1.1666666666666667,4,1.0,56+,0.3474211868956599,0.6,20000,4169.054242747919,High
2602,50000,1,1,2,21,0,0,0,-1,3,1,21508.5,1955.03,15759.48,17269.11,16839.31,19450.89,4356.1,5220.21,6754.63,5905.67,977.32,1530.64,1,0.43017,0.3092744,0.2666948832493087,3,0.5,2,-1.0,18-25,0.4377028037665595,0.6,50000,13131.084112996785,Severe
3631,90000,1,1,3,40,1,3,1,2,1,0,6257.74,9364.11,22622.1,47506.25,29152.4,47046.8,11779.65,11319.57,954.87,6121.91,12741.52,9021.71,0,0.0695304444444444,0.2999062962962963,0.3207127040915248,3,1.3333333333333333,5,0.6666666666666667,36-45,0.3231403560801072,0.6,90000,17449.57922832579,High
2248,50000,1,3,1,57,4,0,2,1,2,1,3844.57,13801.83,25559.77,11155.25,6019.46,9116.95,3683.58,4147.83,2796.9,979.54,1496.42,797.45,1,0.0768914,0.2316594333333333,0.2000309937734746,4,1.6666666666666667,5,0.6666666666666667,56+,0.4857657714104575,0.6,50000,14572.973142313724,Severe
3802,150000,1,3,1,56,-1,-1,2,-1,4,1,20236.9,54893.12,46051.07,54722.45,65727.98,64890.76,575.25,14671.98,7323.06,15946.81,12664.86,15064.24,0,0.1349126666666666,0.3405803111111111,0.2161219732542769,4,0.6666666666666666,3,-1.3333333333333333,56+,0.5004697970295808,0.6,150000,45042.28173266228,Severe
2806,360000,1,4,1,52,2,3,0,2,0,2,4541.63,153231.17,20764.09,158092.89,91616.23,171742.56,11159.81,15182.49,34367.24,12604.14,20264.11,14310.35,0,0.0126156388888888,0.2777724861111111,0.1798169921803676,3,1.5,4,0.3333333333333335,46-55,0.3551044854384662,0.6,360000,76702.5688547087,Severe
518,20000,1,2,2,50,1,0,0,0,2,3,722.83,8109.3,8317.73,10248.16,2391.03,7814.83,305.57,2896.83,1801.74,1848.96,512.59,523.38,0,0.0361415,0.3133656666666666,0.2097940425296539,3,1.0,3,-1.3333333333333337,46-55,0.2931674447767944,0.6,20000,3518.009337321533,High
3762,150000,1,2,2,43,2,0,-1,3,2,-1,33561.45,24439.83,43258.02,5837.87,9356.0,62331.37,9014.35,8818.23,14947.5,22183.73,8122.41,2480.37,1,0.2237429999999999,0.1986494888888888,0.3667352333708497,3,0.8333333333333334,3,-1.0,36-45,0.3952009925481126,0.6,150000,35568.089329330134,Severe
4293,90000,1,3,1,51,-1,-1,0,0,-1,1,12303.52,44771.82,31364.3,41319.33,49830.4,48997.94,4844.78,10554.31,12661.46,13117.24,1093.08,7413.59,0,0.1367057777777778,0.4233098333333333,0.2173544104438693,1,-0.3333333333333333,1,-0.6666666666666666,46-55,0.116384911883145,0.6,90000,6284.7852416898295,Medium
2642,90000,1,2,2,54,4,3,0,3,2,4,51296.79,31328.2,17584.31,34854.8,37470.43,1593.3,4023.48,4909.74,7627.45,5937.58,12377.88,8097.67,0,0.5699643333333333,0.3224589444444444,0.2467945531739527,4,2.6666666666666665,5,-0.6666666666666665,46-55,0.6695920092727686,0.6,90000,36157.96850072951,Severe
4739,90000,2,1,2,61,0,3,1,1,3,3,4453.76,35989.26,28018.19,33634.68,42695.14,5910.01,10790.18,7755.5,11805.94,7046.64,3454.17,12163.42,0,0.0494862222222222,0.2790760000000001,0.3517948515816479,3,1.8333333333333333,5,-1.0000000000000002,56+,0.3292832099011953,0.6,90000,17781.293334664548,High
4404,360000,1,1,3,40,2,-1,3,4,1,3,103885.41,44175.36,138561.37,182639.94,32025.49,71705.14,39054.88,5298.14,2277.99,31658.86,26528.64,2018.15,1,0.2885705833333333,0.2652744027777777,0.1864537857732954,4,2.0,5,-1.3333333333333333,36-45,0.6430042584594577,0.6,360000,138888.91982724288,Severe
4303,20000,1,4,2,45,3,2,4,3,0,2,10406.25,7085.37,535.67,2687.82,8962.75,4872.67,719.16,278.56,680.76,776.85,1.32,474.46,1,0.5203125,0.2879210833333333,0.0848354569379977,4,2.333333333333333,5,1.3333333333333333,36-45,0.6457098962047958,0.6,20000,7748.518754457549,Severe
2443,20000,2,2,2,45,-1,0,1,0,-1,0,10981.51,6998.95,3255.25,8869.94,7924.53,4438.94,789.57,585.58,1053.79,1395.87,1617.3,876.29,0,0.5490755,0.3539093333333333,0.1487763344284035,1,-0.1666666666666666,1,0.3333333333333333,36-45,0.2138631039689769,0.6,20000,2566.357247627724,High
757,200000,1,1,3,35,2,0,1,-1,1,0,97531.12,90771.04,10748.35,46205.4,101122.82,1412.32,19319.2,19959.71,3990.86,2742.13,16451.46,19025.24,1,0.4876555999999999,0.2898258749999999,0.2343033266669743,2,0.5,3,1.0,26-35,0.3599334335202979,0.6,200000,43192.01202243575,Severe
685,50000,2,3,3,44,2,3,2,4,0,4,12232.39,12196.94,6447.24,3250.55,26626.41,19621.69,765.38,1645.65,3400.55,6805.78,6117.13,4836.96,1,0.2446478,0.2679174,0.2932676265147392,4,2.5,5,-0.333333333333333,36-45,0.5300808058948806,0.6,50000,15902.424176846416,Severe
988,50000,1,4,2,45,0,1,0,4,-1,0,22390.96,7137.3,1692.09,3057.2,4213.75,29772.39,5096.41,3023.74,4296.55,7381.86,5998.02,770.57,1,0.4478192,0.2275456333333333,0.3891842061277379,4,0.6666666666666666,2,-0.6666666666666667,36-45,0.5843019215833245,0.6,50000,17529.057647499736,Severe
448,360000,1,2,3,39,4,2,0,4,1,0,100085.97,161341.8,63252.45,107541.85,66815.61,212553.54,33178.71,26289.93,5874.1,8668.26,23093.89,28386.44,0,0.2780165833333333,0.3294403796296296,0.1763531174541473,4,1.8333333333333333,4,0.3333333333333332,36-45,0.5979230660061716,0.6,360000,129151.38225733304,Severe
4350,90000,1,2,3,50,4,1,3,-1,0,-1,44028.19,11627.37,43243.46,6239.94,24901.23,33081.32,7048.25,11684.62,1293.01,233.82,6794.29,6403.92,0,0.4892021111111111,0.3020768703703704,0.2051103499471038,4,1.0,3,3.333333333333333,46-55,0.6070592487959419,0.6,90000,32781.19943498086,Severe
204,200000,1,4,3,50,4,1,0,4,2,1,46751.82,83000.52,99856.91,38653.45,105454.44,88838.8,26282.13,12229.66,16402.78,16627.95,15392.47,22727.25,1,0.2337591,0.3854632833333333,0.2370788709361293,4,2.0,5,-0.6666666666666667,46-55,0.5425121089409051,0.6,200000,65101.45307290861,Severe
1988,50000,2,4,1,47,1,2,4,3,4,4,27510.37,15540.41,18565.57,2218.08,12206.43,11856.77,1779.18,6864.26,6763.69,4123.84,4708.36,5947.38,1,0.5502074,0.2929921,0.3434303063688975,4,3.0,6,-1.333333333333333,46-55,0.6649499742415133,0.6,50000,19948.4992272454,Severe
2810,50000,1,4,2,37,-1,1,1,-1,4,4,3662.39,23638.46,22527.92,28866.24,26075.04,26895.05,424.26,5588.35,5383.85,2293.84,1699.48,2536.15,1,0.0732478,0.4388836666666666,0.1361479237854223,4,1.3333333333333333,4,-2.0,36-45,0.4444910737266795,0.6,50000,13334.732211800385,Severe
1400,50000,1,1,3,61,1,-1,-1,3,0,3,20083.98,28407.24,13092.45,28176.07,21391.68,3957.04,5266.01,5953.33,4389.99,966.98,4188.71,6690.26,1,0.4016795999999999,0.3836948666666666,0.2385166129405258,3,0.8333333333333334,3,-2.333333333333333,56+,0.4379749919609675,0.6,50000,13139.249758829028,Severe
1684,200000,1,3,2,57,-1,2,3,-1,-1,3,72525.41,107094.77,43311.56,14333.73,93368.87,61446.35,28937.01,8954.66,12111.0,8171.91,14641.35,9394.62,0,0.36262705,0.3267339083333332,0.2096776303877653,3,0.8333333333333334,3,1.0,56+,0.4417719357922237,0.6,200000,53012.63229506684,Severe
2755,360000,2,1,1,27,4,1,0,-1,2,-1,6776.9,16340.32,44823.31,202145.23,138988.49,200554.74,31570.91,26716.63,39643.56,40271.45,50531.55,46030.17,1,0.0188247222222222,0.2822356435185185,0.3850936780417873,4,0.8333333333333334,3,1.6666666666666667,26-35,0.4722586083882345,0.6,360000,102007.85941185866,Severe
1520,90000,1,3,3,22,4,0,3,-1,1,4,16799.55,21700.06,37684.19,44005.16,38679.41,28275.06,2391.15,12513.3,8724.04,12343.2,4273.79,236.9,0,0.1866616666666666,0.3465619074074074,0.2163173989062827,4,1.8333333333333333,4,1.0000000000000002,18-25,0.4813089104090862,0.6,90000,25990.681162090656,Severe
2671,200000,2,2,2,24,1,4,2,-1,-1,2,25000.25,42292.75,37422.54,62789.88,48254.52,1086.56,29804.6,17533.18,19143.02,4533.0,14321.35,22429.02,1,0.12500125,0.1807054166666666,0.4969606149972446,4,1.1666666666666667,4,2.333333333333333,18-25,0.4919490356344382,0.6,200000,59033.88427613259,Severe
3664,360000,2,1,1,62,2,3,2,4,4,3,9799.71,161479.72,190016.3,74882.81,167647.3,59638.37,37242.68,10079.44,6088.97,4143.02,51172.06,27570.85,1,0.0272214166666666,0.3071593564814814,0.2054323623575716,4,3.0,6,-1.333333333333333,56+,0.540047742345085,0.6,360000,116650.31234653835,Severe
932,200000,2,4,3,44,3,-1,3,3,2,0,66907.35,35796.88,116984.52,14570.21,113203.81,108193.97,5049.82,1329.6,11455.84,5829.52,6618.34,8565.02,1,0.33453675,0.3797139499999999,0.0852574681546464,3,1.6666666666666667,4,0.0,36-45,0.4428213798792274,0.6,200000,53138.56558550728,Severe
824,150000,2,1,1,27,0,3,3,-1,1,4,69226.76,43825.22,28540.95,2836.54,33955.68,13520.0,18263.94,18407.74,15445.96,19599.72,8426.73,4261.02,1,0.4615117333333333,0.2132279444444444,0.4398272271484116,4,1.6666666666666667,4,0.6666666666666667,26-35,0.6344171228485428,0.6,150000,57097.54105636886,Severe
1942,50000,1,2,2,40,2,0,1,4,0,0,8482.19,27651.9,18835.16,19933.73,29661.09,9145.95,1976.77,3115.49,6657.22,7038.52,2631.77,1702.84,0,0.1696438,0.3790333999999999,0.2033471632491138,4,1.1666666666666667,3,-0.3333333333333332,36-45,0.4705241370924845,0.6,50000,14115.724112774533,Severe
4616,90000,2,1,3,47,-1,4,3,4,0,-1,48167.15,25898.87,8062.23,24301.61,13892.26,42020.85,11560.3,493.29,7121.3,10603.9,8589.9,13348.85,1,0.5351905555555556,0.3006351296296296,0.3185696307022103,4,1.5,3,1.0,46-55,0.6286558039083399,0.6,90000,33947.41341105035,Severe
758,90000,1,4,2,44,2,1,-1,2,4,1,9385.26,3188.43,34225.81,24328.9,36390.52,26328.15,12779.34,1959.88,12795.84,6539.29,2783.28,7413.03,0,0.1042806666666666,0.2478649444444444,0.3307555406330523,4,1.5,5,-1.666666666666667,36-45,0.496988202360523,0.6,90000,26837.36292746824,Severe
837,200000,1,4,3,59,4,0,-1,1,4,-1,46128.91,114107.19,92730.04,44967.63,87506.67,20062.72,8672.22,9554.57,14098.6,14993.2,18051.78,26324.46,1,0.23064455,0.3379193,0.2261260553431938,4,1.1666666666666667,3,-0.3333333333333332,56+,0.5279950029227258,0.6,200000,63359.40035072711,Severe
182,20000,1,2,3,54,2,0,3,3,-1,2,1528.61,11198.37,10130.99,1013.6,4829.27,10672.94,2546.52,1822.87,1462.71,131.08,257.26,2428.88,1,0.0764305,0.3281148333333333,0.2196720761887733,3,1.5,4,0.3333333333333335,46-55,0.3009840996291669,0.6,20000,3611.809195550003,High
4461,20000,2,3,1,28,1,1,2,3,1,0,11885.36,4282.41,8570.03,10233.2,8767.2,9641.85,473.47,2181.28,1472.67,914.08,337.43,1803.67,1,0.594268,0.4448337499999999,0.1345558874523347,3,1.3333333333333333,5,0.0,26-35,0.5264306804955841,0.6,20000,6317.168165947008,Severe
276,90000,1,4,3,30,3,0,-1,-1,1,3,46351.07,42049.44,11250.36,20686.47,7630.85,24258.55,6375.2,4472.92,6204.16,12630.49,9219.64,1908.34,1,0.5150118888888889,0.2819013703703704,0.2680918608649176,3,0.8333333333333334,3,-0.3333333333333333,26-35,0.4843396987742628,0.6,90000,26154.343733810198,Severe
2676,150000,1,3,2,22,1,4,2,1,3,2,26330.02,48561.88,42892.39,53138.68,44480.61,32432.83,11046.41,20212.76,13620.7,9316.71,5274.89,4988.11,1,0.1755334666666666,0.2753737888888889,0.2600892257921263,4,2.1666666666666665,6,0.3333333333333335,18-25,0.5383215234688743,0.6,150000,48448.93711219869,Severe
1565,150000,1,2,2,22,1,-1,1,-1,2,3,37355.63,15480.75,69716.1,16102.19,88936.37,21546.02,14172.32,20625.89,7729.43,4724.45,84.85,18315.9,0,0.2490375333333333,0.2768189555555555,0.2635209711473676,3,0.8333333333333334,4,-1.0,18-25,0.4169231385785638,0.6,150000,37523.08247207074,Severe
4893,20000,2,3,2,23,0,1,2,4,2,4,10101.05,4323.83,254.19,1135.32,10792.6,340.15,1932.74,659.24,1678.84,104.16,1649.23,2395.17,0,0.5050525,0.2245594999999999,0.3124405781095878,4,2.1666666666666665,5,-2.333333333333333,18-25,0.6567957651982628,0.6,20000,7881.549182379153,Severe
2763,90000,1,2,2,44,4,0,-1,3,0,2,52390.8,9249.9,42451.84,15541.47,679.8,28883.3,11837.77,5551.97,5666.21,7429.82,2598.89,11517.44,1,0.5821200000000001,0.2762909444444444,0.2989474796127083,4,1.3333333333333333,3,-0.6666666666666667,36-45,0.6617810570846681,0.6,90000,35736.177082572074,Severe
1658,360000,2,4,2,43,-1,3,0,1,-1,4,201981.6,126572.43,133354.36,204322.05,201931.76,188781.93,4589.97,13980.41,20980.86,22142.81,19096.59,50362.73,1,0.56106,0.489325986111111,0.1240873252212489,4,1.0,3,-0.6666666666666666,36-45,0.6878355169771042,0.6,360000,148572.4716670545,Severe
1075,90000,1,1,1,61,4,3,2,3,-1,0,19344.61,27352.12,48766.4,36934.3,48829.39,37251.89,11763.28,9580.21,10452.76,3730.6,12897.45,11353.36,1,0.2149401111111111,0.4045902037037037,0.2736086275866422,4,1.8333333333333333,4,2.333333333333333,56+,0.4836573815746581,0.6,90000,26117.49860503154,Severe
688,150000,2,3,3,31,0,-1,2,0,3,0,18499.66,85532.08,13726.91,72061.0,88400.99,89229.27,16852.84,2222.41,5120.55,12178.72,21467.67,18966.95,1,0.1233310666666666,0.4082776777777778,0.209032953634415,3,0.6666666666666666,2,-0.6666666666666667,26-35,0.3135795026998479,0.6,150000,28222.15524298631,High
4848,20000,1,1,1,59,0,-1,2,2,-1,3,6845.0,9339.38,1781.28,6415.6,8837.39,6113.76,1563.43,2971.85,1770.81,103.76,384.06,200.41,1,0.34225,0.3277700833333333,0.1778258693021861,3,0.8333333333333334,3,-1.0,56+,0.4221363088835417,0.6,20000,5065.6357066025,Severe
2077,90000,2,3,1,56,0,3,3,1,4,3,51858.47,18519.55,8278.36,9119.6,48263.02,31725.06,13238.75,6303.09,7239.85,1463.19,11442.78,13368.05,1,0.5762052222222223,0.3106741851851852,0.316251943354256,4,2.333333333333333,5,-0.6666666666666665,56+,0.6754309342556674,0.6,90000,36473.27044980604,Severe
3485,90000,1,3,3,26,2,1,-1,4,4,3,38341.27,49694.45,3250.87,38658.15,5317.96,7362.94,5049.6,7196.55,2863.35,13196.63,8953.78,9667.96,0,0.4260141111111111,0.2641215555555555,0.3290282869195188,4,2.1666666666666665,5,-3.0,26-35,0.626981906488354,0.6,90000,33857.02295037111,Severe
2709,200000,2,2,1,40,2,2,3,0,0,3,84193.26,85742.76,28105.42,44061.9,37124.47,79835.45,23723.63,13809.3,18919.36,5112.57,17596.69,9154.97,1,0.4209662999999999,0.2992193833333333,0.2459636778210057,3,1.6666666666666667,4,1.3333333333333337,36-45,0.4805255418656559,0.6,200000,57663.06502387871,Severe
4797,150000,2,2,3,48,4,4,2,0,1,4,47456.69,53261.24,11818.38,63470.9,3092.63,60596.46,4220.08,18003.02,13709.44,1550.55,21658.56,8441.23,1,0.3163779333333333,0.2663292222222222,0.281952120245494,4,2.5,5,1.6666666666666667,46-55,0.5743972480164677,0.6,150000,51695.7523214821,Severe
556,150000,2,4,2,43,-1,3,0,0,2,4,10354.05,11805.83,36532.44,65125.46,52548.79,80223.37,17352.29,16731.73,2779.44,11021.44,3665.61,428.73,1,0.0690269999999999,0.2850999333333333,0.2025770768721486,4,1.3333333333333333,3,-1.3333333333333337,36-45,0.4717424273401986,0.6,150000,42456.81846061788,Severe
1297,50000,2,1,1,27,3,0,0,1,2,-1,15527.95,17951.33,27100.46,29606.58,27879.49,26161.9,4870.8,6495.02,3926.19,5959.71,3285.7,2890.39,0,0.310559,0.4807590333333334,0.1901701829696942,3,0.8333333333333334,3,0.3333333333333333,26-35,0.3744422813334462,0.6,50000,11233.268440003383,Severe
3793,50000,2,2,2,47,2,1,2,-1,2,0,11463.43,28992.21,1069.16,19315.08,21850.75,7677.61,6245.3,7382.21,230.46,490.04,6320.83,3068.18,1,0.2292686,0.3012274666666667,0.2626699380224733,2,1.0,4,1.3333333333333337,46-55,0.2460583909370112,0.6,50000,7381.751728110336,High
1604,50000,2,2,1,35,4,2,-1,4,4,3,17434.98,3776.88,24015.55,21508.1,22117.03,16451.37,4906.74,3086.16,3424.2,796.52,316.31,4833.12,1,0.3486996,0.3510130333333334,0.1648851405422647,4,2.6666666666666665,5,-2.0,26-35,0.5901782938291361,0.6,50000,17705.348814874083,Severe
1987,200000,1,1,2,44,4,1,-1,-1,1,0,55941.94,46543.44,42217.32,42989.85,88763.94,1392.3,15283.09,1992.29,15550.98,19041.17,29935.25,22420.4,0,0.2797097,0.2315406583333333,0.3751075540044641,4,0.6666666666666666,3,1.3333333333333333,36-45,0.5606985000186664,0.6,200000,67283.82000223997,Severe
4222,150000,2,4,2,59,-1,2,-1,1,0,4,37657.05,87198.22,54130.39,27705.9,57633.29,1440.68,3004.93,12122.04,2220.75,4042.34,4662.06,19694.08,0,0.251047,0.2952950333333333,0.1721299221911886,4,0.8333333333333334,3,-1.6666666666666667,56+,0.5639753271518038,0.6,150000,50757.77944366234,Severe
1042,360000,1,1,3,38,4,-1,4,4,3,-1,26752.45,50624.19,174455.65,158586.28,160097.41,1845.2,28287.66,4610.08,1768.28,9616.79,18047.28,23003.26,1,0.0743123611111111,0.2649820277777777,0.149090037867348,4,2.1666666666666665,4,0.3333333333333335,36-45,0.5264327945407872,0.6,360000,113709.48362081005,Severe
3709,90000,1,1,1,42,-1,3,0,0,0,1,5593.32,24625.05,2610.57,18387.29,35544.3,45463.15,7457.09,4127.22,11473.47,11387.09,128.08,12072.71,0,0.0621479999999999,0.2448586666666666,0.3527784130648912,3,0.5,2,0.3333333333333333,36-45,0.298760820353452,0.6,90000,16133.084299086406,High
1024,360000,2,3,3,60,2,2,4,-1,-1,1,94227.0,168360.82,68704.62,206794.74,49510.4,122608.96,39813.95,25958.25,8303.15,19193.81,25186.29,40138.0,1,0.2617416666666666,0.328799324074074,0.2233060962801046,4,1.1666666666666667,4,3.0,56+,0.5818135424232166,0.6,360000,125671.72516341475,Severe
2180,90000,2,3,2,33,2,0,-1,1,1,2,29489.5,32596.92,46669.02,5977.68,9086.2,52501.46,13495.41,4757.79,608.82,6879.15,7647.43,13219.31,1,0.3276611111111111,0.3265199629629629,0.2643358882600224,2,0.8333333333333334,4,-1.0,26-35,0.2924840672828629,0.6,90000,15794.139633274595,High
4458,20000,1,3,3,47,4,4,-1,-1,2,0,5118.05,8896.06,1242.33,746.51,4267.23,5077.94,1526.97,1339.36,429.76,2295.24,2396.48,2760.63,1,0.2559025,0.2112343333333333,0.4240330249343935,4,1.3333333333333333,3,2.0,46-55,0.4846819472587988,0.6,20000,5816.183367105585,Severe
1792,360000,2,3,3,61,4,3,4,2,2,4,15994.84,2986.53,16372.99,99895.94,13241.09,174906.99,18679.43,33594.59,32836.97,36748.25,8483.55,31680.15,1,0.0444301111111111,0.1497214722222222,0.5010010872658051,4,3.1666666666666665,6,1.0,56+,0.5116804709621304,0.6,360000,110522.98172782017,Severe
3243,360000,1,1,2,45,-1,0,2,0,-1,4,167064.5,131417.93,129105.72,48414.41,71922.74,194500.71,23575.05,52811.21,28439.53,4952.25,38179.95,28722.82,0,0.4640680555555556,0.3437157453703703,0.2379776672964353,4,0.6666666666666666,2,-0.6666666666666667,36-45,0.6592648718781224,0.6,360000,142401.21232567445,Severe
1265,50000,2,1,3,44,-1,1,0,1,3,2,6887.94,24152.91,5699.45,29166.51,16399.66,22633.77,592.4,1733.04,6395.3,5074.06,3623.26,5679.53,0,0.1377588,0.3498008,0.2201023172807685,3,1.0,4,-2.0,36-45,0.3534614024924045,0.6,50000,10603.842074772136,Severe
1022,20000,1,4,2,33,1,-1,3,0,0,4,3661.97,2713.58,11366.23,1932.17,11423.72,1028.48,164.61,509.0,2657.53,295.67,723.17,1137.85,0,0.1830985,0.2677179166666666,0.1708212779931613,4,1.1666666666666667,3,-0.3333333333333332,26-35,0.4892812442118857,0.6,20000,5871.374930542628,Severe
4748,50000,2,1,1,46,2,1,0,0,1,3,263.91,486.08,5122.6,15183.76,9222.5,5679.42,5401.27,5863.99,5797.37,1865.47,2227.03,6468.69,0,0.0052782,0.1198608999999999,0.7682188269902863,3,1.1666666666666667,4,-0.3333333333333332,46-55,0.2805229786614386,0.6,50000,8415.68935984316,High
3696,150000,1,4,2,59,4,-1,-1,-1,4,4,70601.13,23655.97,11205.22,10393.49,37907.01,4811.13,16977.22,20015.27,18182.62,5963.9,8271.21,12075.81,1,0.4706742,0.1761932777777778,0.5138676939055878,4,1.5,3,-1.666666666666667,56+,0.6239640182071506,0.6,150000,56156.76163864356,Severe
1405,50000,2,4,1,56,2,3,3,4,-1,2,20354.43,864.45,18170.62,1916.8,19907.72,2389.32,1943.73,1207.1,622.33,829.82,903.57,1608.13,1,0.4070886,0.2120111333333333,0.1118601633184672,4,2.1666666666666665,5,0.9999999999999998,56+,0.6318686030501137,0.6,50000,18956.05809150341,Severe
1535,200000,2,4,2,64,3,1,3,-1,0,-1,72850.28,43824.54,110972.27,2417.88,83190.65,85647.01,25570.78,10519.54,5192.12,24467.78,19092.72,11291.02,1,0.3642514,0.3324188583333333,0.240996054601094,3,0.8333333333333334,3,3.0,56+,0.426178650036685,0.6,200000,51141.4380044022,Severe
3632,150000,1,4,3,48,-1,2,-1,4,4,0,5052.58,55375.63,71526.12,29312.46,63191.19,49357.85,1281.53,2794.83,12623.67,9975.37,11182.7,11850.51,0,0.0336838666666666,0.304239811111111,0.1815403075855768,4,1.3333333333333333,3,-2.6666666666666665,46-55,0.4568832654163783,0.6,150000,41119.49388747405,Severe
1564,360000,2,3,2,22,-1,2,0,2,1,-1,40078.13,19760.29,18489.47,107999.84,107888.27,56695.03,1761.83,14216.13,6914.43,22896.33,334.39,49118.53,1,0.1113281388888888,0.1624588101851851,0.271412500199837,2,0.5,3,-0.3333333333333333,18-25,0.2764019370140235,0.6,360000,59702.81839502909,High
1990,360000,2,3,3,26,2,1,0,1,-1,2,20696.92,68982.66,80798.26,130164.03,17241.95,176662.97,26430.48,4019.9,3076.63,24767.33,28801.93,52947.97,1,0.0574914444444444,0.2289568472222222,0.2831769264946598,2,0.8333333333333334,4,0.3333333333333333,26-35,0.2507984460538037,0.6,360000,54172.46434762161,High
1521,360000,2,3,2,21,0,0,2,2,1,-1,145026.82,62063.55,190051.63,101044.59,110491.17,193841.06,31840.09,2106.9,26518.31,13006.79,11665.02,34825.54,0,0.4028522777777778,0.3715364907407408,0.1494826625997381,2,0.6666666666666666,3,0.0,18-25,0.3555554544424369,0.6,360000,76799.97815956638,Severe
2933,20000,1,4,3,39,3,0,4,4,1,-1,7520.74,3968.52,2047.59,10027.88,3147.97,8095.23,2184.95,999.01,1714.49,1656.86,1168.15,379.6,1,0.376037,0.2900660833333333,0.2327935042388329,4,1.8333333333333333,4,1.0000000000000002,36-45,0.5563477277805935,0.6,20000,6676.1727333671215,Severe
1376,360000,1,2,3,59,-1,0,2,0,3,4,114188.06,162218.72,15019.53,212499.81,142119.96,143170.14,14860.51,37653.0,17949.49,12063.16,7144.01,35599.27,0,0.3171890555555555,0.3653778796296297,0.1587263880613097,4,1.3333333333333333,3,-2.0,56+,0.6170865648765795,0.6,360000,133290.69801334117,Severe
2740,90000,2,3,3,41,4,0,-1,4,2,-1,17951.69,37817.33,17813.89,5934.47,32314.73,33571.91,3939.32,6503.19,6897.47,11557.93,3715.52,4922.95,1,0.1994632222222222,0.2692667037037037,0.2581522849230715,4,1.3333333333333333,3,-0.6666666666666667,36-45,0.5068634278762287,0.6,90000,27370.62510531635,Severe
4044,20000,2,3,2,39,0,-1,4,-1,1,4,11496.44,6327.96,10523.46,4676.18,10710.24,2609.1,2378.84,2705.26,1732.83,576.66,2223.44,1930.05,1,0.574822,0.3861948333333333,0.2491635267000378,4,1.1666666666666667,3,-0.3333333333333332,36-45,0.630214544771667,0.6,20000,7562.574537260004,Severe
1767,150000,2,4,3,50,3,1,-1,3,3,4,26973.84,49459.88,31639.85,17874.92,4089.44,73489.78,3843.24,12611.78,10480.32,13630.47,5755.95,12517.66,0,0.1798256,0.2261419,0.2890978334104972,4,2.1666666666666665,5,-2.333333333333333,46-55,0.549605928665276,0.6,150000,49464.53357987484,Severe
3566,50000,2,2,2,48,3,-1,3,2,3,1,8562.15,17504.88,26685.52,8514.45,6276.18,2495.94,2642.04,4420.01,6865.24,1581.73,4085.98,7265.89,0,0.171243,0.2334637333333333,0.3835126712043212,3,1.8333333333333333,5,-0.3333333333333332,46-55,0.3651258685425247,0.6,50000,10953.77605627574,Severe
1894,200000,1,2,3,50,4,-1,1,2,0,0,73655.94,69448.89,58087.11,33588.99,91911.97,9062.01,29723.79,6531.67,15273.19,7257.39,22649.14,6871.51,0,0.3682797,0.2797957583333333,0.2630093778822177,4,1.0,3,0.6666666666666666,46-55,0.5955129808125507,0.6,200000,71461.55769750607,Severe
3656,90000,2,1,1,53,0,-1,-1,-1,4,4,2930.97,6821.42,6825.91,46738.81,24464.7,16142.08,6992.76,13305.62,12402.67,533.78,3967.38,4882.48,0,0.0325663333333333,0.1924516481481481,0.4049568390867586,4,0.8333333333333334,2,-3.0,46-55,0.4536765012098253,0.6,90000,24498.531065330568,Severe
458,150000,1,3,1,38,1,-1,4,0,0,4,18231.26,26464.83,81061.94,41269.32,32273.11,81040.33,20320.37,3778.38,9053.0,5798.24,5387.72,16643.4,1,0.1215417333333333,0.3114897666666666,0.2175249274285058,4,1.3333333333333333,3,0.0,36-45,0.4785892812323384,0.6,150000,43073.03531091045,Severe
2757,360000,1,3,1,27,-1,1,-1,4,3,1,203015.73,130227.89,138407.39,32249.37,45228.39,66913.63,51618.49,36310.82,23337.81,26050.46,14034.83,11389.73,1,0.5639325833333334,0.2852048148148148,0.2641736023364625,4,1.1666666666666667,4,-3.0,26-35,0.7356642169097554,0.6,360000,158903.47085250716,Severe
13,200000,2,2,2,47,2,4,0,1,0,4,109136.95,25237.42,115369.18,109009.34,15677.34,3952.04,29646.3,18742.65,21982.18,3609.99,28708.6,28996.89,0,0.5456847499999999,0.3153185583333333,0.3480253184167429,4,1.8333333333333333,4,0.3333333333333332,46-55,0.6644752002223536,0.6,200000,79737.02402668244,Severe
2052,50000,2,4,3,40,-1,4,1,1,1,2,625.7,18432.54,23454.53,17851.17,3149.48,21610.09,77.15,5922.17,4662.93,5786.17,1340.25,4330.37,0,0.012514,0.2837450333333334,0.2598464278552422,4,1.3333333333333333,5,0.0,36-45,0.4423245826989942,0.6,50000,13269.737480969829,Severe
3936,360000,1,3,1,49,0,1,4,0,4,0,134036.55,4870.6,108687.22,137597.55,179591.02,190380.06,28500.13,5804.29,18568.99,27682.44,34191.27,40079.35,1,0.3723237499999999,0.3496125,0.2050239087455291,4,1.5,3,0.3333333333333335,46-55,0.6207543682872306,0.6,360000,134082.94355004182,Severe
4845,200000,1,3,3,53,0,4,3,-1,3,-1,445.23,44046.47,9588.64,90184.93,82119.26,99871.75,26514.87,7465.57,19577.69,9560.55,3640.71,5972.23,1,0.00222615,0.2718802333333333,0.2229278774342673,4,1.3333333333333333,3,2.0,46-55,0.4279968832379377,0.6,200000,51359.62598855253,Severe
4386,200000,2,3,1,52,3,0,3,-1,-1,3,90796.62,117124.42,114493.21,11049.54,895.62,88955.18,10258.42,703.48,27649.45,26878.73,16104.64,19062.76,0,0.4539831,0.3527621583333333,0.2377841028347263,3,1.1666666666666667,3,1.6666666666666667,46-55,0.4697717976112521,0.6,200000,56372.61571335026,Severe
1352,90000,2,4,2,22,-1,-1,-1,3,4,1,52539.33,22441.74,2174.6,229.58,48984.44,40457.9,10116.03,6038.33,9545.83,13028.48,6031.09,10690.36,0,0.5837703333333334,0.3089399814814815,0.3323797940136879,4,0.8333333333333334,3,-3.6666666666666665,18-25,0.6734718868663426,0.6,90000,36367.4818907825,Severe
2864,150000,1,2,1,46,2,0,2,4,2,4,61422.41,52078.65,81480.8,82361.94,13222.77,19942.51,15793.32,17735.01,1499.86,12381.64,486.55,18393.07,0,0.4094827333333333,0.3450100888888889,0.2134863495779254,4,2.333333333333333,5,-2.0,46-55,0.6329194263303878,0.6,150000,56962.7483697349,Severe
892,200000,1,2,1,39,1,1,3,1,1,2,50063.12,66216.37,45927.37,4346.25,113888.31,4287.72,8712.75,8663.28,4676.23,15800.52,22880.21,15734.13,1,0.2503156,0.2372742833333333,0.2685609207403218,3,1.5,6,0.3333333333333335,36-45,0.4579111894137165,0.6,200000,54949.34272964599,Severe
4902,150000,1,1,1,31,3,0,3,0,0,3,47128.97,68502.1,85073.03,79082.21,8688.91,80274.48,2634.83,3662.21,17380.52,22460.32,13140.42,19389.12,0,0.3141931333333333,0.4097218888888888,0.2133355498323117,3,1.5,3,1.0,26-35,0.3897545954558831,0.6,150000,35077.91359102947,Severe
545,200000,2,4,3,30,0,-1,2,-1,4,-1,30785.57,14745.25,21372.9,61704.7,51791.16,21844.69,27201.17,16603.45,12738.56,18881.68,22383.72,21967.72,1,0.15392785,0.1685368916666666,0.5922358146413739,4,0.5,2,-0.3333333333333333,26-35,0.478195681167801,0.6,200000,57383.481740136114,Severe
3977,150000,1,1,2,54,3,2,2,-1,2,1,28381.06,65395.38,23902.12,77590.87,12641.59,43697.98,18080.43,15757.33,4745.81,3167.12,16008.1,18616.98,0,0.1892070666666666,0.2795655555555555,0.3035494358309917,3,1.5,5,1.666666666666667,46-55,0.3842089109644596,0.6,150000,34578.80198680136,Severe
3424,90000,2,2,1,36,2,1,0,3,4,3,35302.68,50427.85,35624.72,43651.83,30255.86,42859.2,5907.15,12286.17,7804.02,11232.79,1385.72,11152.31,1,0.392252,0.4409669259259259,0.2090026572077674,4,2.1666666666666665,5,-2.333333333333333,36-45,0.6028956388874083,0.6,90000,32556.364499920044,Severe
3135,200000,2,2,3,53,1,-1,4,4,3,-1,52032.04,113443.2,111046.2,100482.28,19638.48,23869.85,26633.12,28745.54,2325.66,990.44,21244.27,5475.21,0,0.2601602,0.3504267083333333,0.2031196014478063,4,1.6666666666666667,4,-0.6666666666666667,46-55,0.5648490416790757,0.6,200000,67781.88500148908,Severe
1730,20000,2,3,2,34,1,2,-1,-1,3,1,8528.23,8898.91,5466.65,7049.49,11471.6,1118.75,1725.9,1711.38,1138.81,2964.8,2016.15,1580.74,1,0.4264115,0.3544469166666666,0.261858204907505,3,0.8333333333333334,4,-0.3333333333333333,26-35,0.4468533057636015,0.6,20000,5362.2396691632175,Severe
2577,50000,1,2,3,61,0,0,-1,0,0,-1,2539.25,7423.93,1637.93,7850.51,12171.41,14771.04,6466.93,5380.23,4583.61,580.48,3697.42,7362.28,0,0.050785,0.1546469,0.6050546977232218,0,-0.3333333333333333,0,0.0,56+,0.0534396689935118,0.6,50000,1603.1900698053555,Medium
193,150000,1,3,3,42,3,4,4,-1,3,3,13765.63,13576.55,27111.78,59226.12,64649.85,12696.55,22059.75,18816.98,14142.34,21670.85,7847.33,17520.37,1,0.0917708666666666,0.2122516444444444,0.5342590200060221,4,2.6666666666666665,5,2.0,36-45,0.4437037908067526,0.6,150000,39933.34117260773,Severe
63,90000,2,4,1,48,2,4,-1,4,-1,4,33082.72,47094.48,20641.8,33536.41,52137.1,32799.79,8635.29,12288.11,11132.61,12.55,6771.59,11684.79,1,0.3675857777777778,0.4060968518518519,0.230399973004068,4,2.0,4,-0.6666666666666667,46-55,0.5653305856737608,0.6,90000,30527.85162638308,Severe
1527,50000,1,2,3,21,2,1,1,3,2,0,26705.24,8294.77,14491.12,5613.04,17909.29,17659.19,3945.29,4623.57,7385.12,4368.77,6288.03,2457.61,1,0.5341048,0.3022421666666667,0.3205860863226121,3,1.5,5,-0.3333333333333335,18-25,0.505006796956462,0.6,50000,15150.20390869386,Severe
2704,360000,2,1,2,33,1,1,1,2,1,0,33120.26,165996.02,95035.74,44546.53,36434.29,146313.92,38427.19,34630.35,38114.48,14381.82,31425.27,37802.01,1,0.0920007222222222,0.241410537037037,0.3735398029896667,2,1.0,5,0.0,26-35,0.2742146405220775,0.6,360000,59230.362352768745,High
1123,50000,1,1,3,56,4,1,4,0,-1,3,12349.62,20968.7,2924.82,2858.41,20157.76,12605.36,5849.25,3338.13,1484.48,4938.46,768.11,3336.2,1,0.2469924,0.2395488999999999,0.2743299315226801,4,1.8333333333333333,4,2.333333333333333,56+,0.5166240926826473,0.6,50000,15498.722780479418,Severe
1012,200000,1,3,3,55,2,3,3,3,4,-1,19799.94,19786.01,90818.53,16301.38,80121.13,85784.09,10489.29,26968.32,9944.89,6308.75,24055.2,18950.63,1,0.0989997,0.2605092333333333,0.3093846833579923,4,2.333333333333333,5,0.6666666666666665,46-55,0.4916201133686252,0.6,200000,58994.41360423502,Severe
1538,20000,1,3,3,62,1,1,-1,-1,1,4,2144.99,2506.45,10026.74,5901.91,5140.0,3214.57,563.74,499.48,2353.51,2412.85,1374.68,1851.01,1,0.1072494999999999,0.2411221666666667,0.3129558114731606,4,0.8333333333333334,4,-1.0,56+,0.4769027452887601,0.6,20000,5722.8329434651205,Severe
1823,50000,2,1,2,64,0,3,1,3,3,0,6393.23,10130.76,3402.97,5275.05,13878.92,27635.16,932.71,3792.9,6038.62,2549.31,5735.15,820.73,0,0.1278646,0.2223869666666666,0.2978205107643448,3,1.6666666666666667,4,-0.6666666666666667,56+,0.3529180314260678,0.6,50000,10587.540942782036,Severe
567,50000,1,4,3,30,2,0,-1,3,2,2,9674.49,20401.74,10524.19,7107.1,10230.69,3263.91,2296.64,5115.02,5795.18,470.57,6015.83,909.52,1,0.1934898,0.2040070666666666,0.3366347440252069,3,1.3333333333333333,4,-2.0,26-35,0.3697326596644772,0.6,50000,11091.979789934316,Severe
593,50000,1,1,2,44,3,2,0,2,2,3,11111.05,13112.49,11872.35,25392.94,14615.2,29915.04,5465.24,5779.41,6553.19,2083.52,1676.23,4748.93,1,0.2222209999999999,0.3533969,0.2481300769757742,3,2.0,5,-0.6666666666666667,36-45,0.3755509861644233,0.6,50000,11266.5295849327,Severe
3867,150000,1,3,2,25,-1,-1,0,1,3,-1,26906.85,65842.41,66653.22,86343.67,34254.91,52034.49,976.53,2844.17,4013.66,12307.99,8506.81,12626.55,0,0.1793789999999999,0.3689283888888889,0.1243111166861499,3,0.1666666666666666,2,-1.6666666666666663,18-25,0.3627966967929144,0.6,150000,32651.702711362297,Severe
942,90000,2,3,1,41,-1,0,3,3,-1,4,22964.66,52066.06,29820.83,24978.75,361.9,33627.14,164.8,3579.82,6198.16,12888.49,1058.03,6030.5,1,0.2551628888888889,0.3033691481481481,0.1826389973247359,4,1.3333333333333333,3,-1.3333333333333337,36-45,0.5439764546081353,0.6,90000,29374.728548839303,Severe
4625,90000,1,3,1,59,2,3,4,1,0,1,47407.72,37835.95,20664.08,36856.56,17033.87,49178.54,10765.21,13023.48,9143.46,5574.89,5757.21,8918.03,1,0.5267524444444445,0.3869939259259259,0.254489016767035,4,1.8333333333333333,5,2.333333333333333,56+,0.6322148825631164,0.6,90000,34139.60365840828,Severe
127,20000,1,1,2,31,0,3,2,4,2,0,1983.68,10304.13,6543.2,9264.54,303.81,3408.95,2610.1,1490.68,685.38,730.95,1825.2,1204.78,0,0.099184,0.26506925,0.26870619658825,4,1.8333333333333333,4,-0.3333333333333332,26-35,0.4597918273302553,0.6,20000,5517.501927963063,Severe
245,150000,1,2,1,36,1,0,1,1,3,4,75753.2,56761.18,49451.77,85348.63,39514.97,13104.54,14328.6,19084.02,2596.94,10598.07,12931.44,20490.84,0,0.5050213333333333,0.3554825444444444,0.2501448344283447,4,1.6666666666666667,5,-2.0,36-45,0.6722407160113533,0.6,150000,60501.66444102179,Severe
1365,150000,2,4,2,56,-1,2,4,0,-1,1,80314.02,54438.64,28285.43,68332.71,34319.33,3454.06,21648.47,17907.37,2113.38,5114.44,6809.23,5776.47,1,0.5354268,0.2990491,0.2205857016642269,4,0.8333333333333334,3,1.6666666666666667,56+,0.6518222836025992,0.6,150000,58664.00552423392,Severe
4554,150000,1,1,3,39,3,4,0,1,0,0,89826.38,79289.24,66498.78,43523.28,27014.66,32421.28,9009.2,1933.86,13762.69,1831.72,10734.02,12472.52,1,0.5988425333333334,0.3761929111111111,0.1469222853215794,4,1.3333333333333333,3,2.0,36-45,0.6611017443996419,0.6,150000,59499.15699596777,Severe
3853,20000,1,3,3,44,3,2,4,1,2,1,3615.8,7006.84,10869.19,3314.74,10778.79,4541.59,1021.94,1728.63,2157.77,217.75,1712.13,1036.15,1,0.18079,0.33439125,0.1962364445840015,4,2.1666666666666665,6,1.6666666666666667,36-45,0.4982362020160806,0.6,20000,5978.834424192968,Severe
2708,50000,1,3,1,38,1,4,3,2,1,4,12998.25,954.78,12779.58,1538.09,20605.18,29624.13,3713.93,4617.24,6528.69,4847.82,3788.23,1050.0,0,0.259965,0.2616667,0.3126867117596545,4,2.5,6,0.333333333333333,36-45,0.5494274664831165,0.6,50000,16482.823994493494,Severe
2551,150000,1,1,3,36,3,1,0,0,2,-1,51716.72,7324.22,27515.31,36512.62,37219.99,71823.85,5535.19,5180.18,18467.78,1948.58,178.32,19101.27,0,0.3447781333333333,0.2579030111111111,0.217184659986952,3,0.8333333333333334,3,1.0,36-45,0.4378268903355568,0.6,150000,39404.4201302001,Severe
718,90000,1,4,3,53,3,3,-1,0,3,2,20197.78,32273.85,12479.74,31321.92,10178.47,14910.46,8229.97,1007.03,6479.77,5431.53,11861.99,8758.1,1,0.2244197777777777,0.2247448518518518,0.3441630352510031,3,1.6666666666666667,4,0.0,46-55,0.3705972994428899,0.6,90000,20012.254169916054,Severe
1498,200000,2,2,2,59,4,2,4,3,1,0,103148.32,111270.14,88285.23,27235.47,2090.81,53183.78,7677.26,2993.76,19524.85,7306.69,2870.99,3493.38,1,0.5157416,0.3210114583333333,0.1138768540842583,4,2.333333333333333,5,2.0,56+,0.6782321113414902,0.6,200000,81387.85336097883,Severe
6,360000,2,1,1,62,0,0,-1,-1,-1,3,198870.99,174662.91,215517.57,166225.37,101183.89,105676.0,34495.64,46022.29,10667.14,716.26,51991.82,14761.01,0,0.5524194166666666,0.4454336712962963,0.1648977271660754,3,0.0,1,-0.6666666666666666,56+,0.5430513805286897,0.6,360000,117299.09819419698,Severe
1934,360000,2,2,2,48,0,2,0,2,1,4,68172.53,193314.53,112141.76,26567.32,10633.38,193788.4,49247.11,32664.88,31248.53,14376.63,34834.34,5345.77,1,0.1893681388888889,0.2799157037037037,0.2773937960687635,4,1.5,4,-1.666666666666667,46-55,0.5864911130530311,0.6,360000,126682.08041945472,Severe
2801,200000,2,1,3,39,2,2,1,2,2,1,115392.13,91472.47,28777.4,43937.86,11017.74,23485.09,8886.32,877.9,10285.25,4004.96,15663.28,23039.07,0,0.5769606500000001,0.261735575,0.1998097380024349,2,1.6666666666666667,6,0.0,36-45,0.4544207253505803,0.6,200000,54530.48704206963,Severe
360,200000,2,4,2,36,2,0,2,3,3,1,21625.6,109450.64,21823.8,28625.73,10191.55,54133.84,20912.66,20917.72,7516.65,19859.33,21056.4,19650.41,0,0.1081279999999999,0.2048759666666666,0.4470720007991828,3,1.8333333333333333,5,-1.0000000000000002,36-45,0.3647468070450139,0.6,200000,43769.61684540167,Severe
1388,50000,2,4,1,51,1,3,1,4,1,4,3035.5,11486.36,161.85,5509.87,20188.35,23143.1,6536.54,5374.07,6575.89,5314.64,2065.88,3534.07,1,0.06071,0.2117501,0.462826857382043,4,2.333333333333333,6,-1.3333333333333333,46-55,0.4728718173536392,0.6,50000,14186.154520609176,Severe
1857,90000,2,3,1,51,0,1,1,4,-1,-1,48500.24,8106.19,21228.52,32917.08,13775.66,7683.31,11707.81,11615.92,6703.57,9981.23,6650.39,9431.6,1,0.5388915555555556,0.2448351851851852,0.4242500245819183,4,0.6666666666666666,3,0.0,46-55,0.6469652458028919,0.6,90000,34936.12327335616,Severe
4481,90000,2,2,2,46,1,0,3,2,4,-1,41564.99,6378.11,17128.55,50893.34,22730.91,2776.77,733.2,3326.14,12940.45,7552.22,8879.42,9209.77,1,0.4618332222222222,0.2619864259259259,0.3014094524405314,4,1.5,4,-0.3333333333333335,46-55,0.6338676746031061,0.6,90000,34228.85442856773,Severe
1427,200000,2,4,3,63,2,2,2,2,-1,4,59257.0,58340.92,98437.05,13559.4,18244.78,22484.77,11008.29,11064.34,11672.52,12425.24,11039.93,17600.19,1,0.296285,0.2252699333333333,0.2767439522185088,4,1.8333333333333333,5,0.3333333333333332,56+,0.5997860381677395,0.6,200000,71974.32458012874,Severe
3468,50000,2,4,1,55,0,1,4,-1,2,3,2102.17,9149.87,933.35,15679.79,5026.66,27436.22,3131.81,4195.68,4815.68,7119.39,6983.15,3757.76,0,0.0420434,0.2010935333333333,0.4973385519110013,4,1.5,4,0.3333333333333335,46-55,0.4285244128679178,0.6,50000,12855.732386037533,Severe
3723,200000,2,1,3,54,4,2,3,0,-1,4,60463.15,22062.42,71074.01,39045.99,71142.73,53161.5,4878.47,662.18,3685.65,18793.75,27948.07,18904.44,0,0.30231575,0.2641248333333333,0.2362284500573908,4,2.0,4,2.0,46-55,0.5769293519793208,0.6,200000,69231.5222375185,Severe
1785,200000,1,2,3,31,2,4,-1,3,3,-1,69694.06,70751.4,60054.93,45227.49,36410.46,27082.43,22409.09,18267.75,24777.71,14629.47,23827.7,4255.61,1,0.3484703,0.2576839749999999,0.3498061595280291,4,1.6666666666666667,4,0.0,26-35,0.5909346938970895,0.6,200000,70912.16326765074,Severe
1580,150000,1,1,1,40,4,3,4,1,-1,2,71736.81,51003.95,17626.21,33979.32,28295.46,63467.0,8175.65,14573.02,993.7,15476.11,1059.98,19453.24,0,0.4782454,0.2956763888888889,0.224463494717855,4,2.1666666666666665,5,3.0,36-45,0.6414079423789972,0.6,150000,57726.71481410975,Severe
644,90000,2,3,2,50,0,2,0,4,2,4,1808.49,32531.39,33010.21,3280.86,36059.83,18069.77,10293.86,518.24,9841.25,3383.57,12186.32,2306.53,1,0.0200943333333333,0.2310380555555555,0.3088297542772935,4,2.0,4,-2.666666666666667,46-55,0.4575244482690318,0.6,90000,24706.32020652772,Severe
4793,360000,1,3,1,23,0,3,-1,2,2,0,103913.82,124577.38,182772.48,2763.17,136858.88,82971.6,43327.56,28218.09,3717.67,48234.74,48380.49,12980.32,1,0.2886495,0.2934524675925926,0.291641133186864,3,1.0,3,-0.6666666666666666,18-25,0.4490743179056021,0.6,360000,97000.05266761009,Severe
1411,20000,1,4,1,58,1,4,4,0,-1,3,896.16,1930.17,3120.06,6353.62,3760.81,11426.63,2190.44,498.35,2010.15,1222.68,1521.16,35.83,1,0.044808,0.2290620833333333,0.2720736190516036,4,1.8333333333333333,4,2.333333333333333,56+,0.4216799645300301,0.6,20000,5060.159574360361,Severe
2379,360000,2,1,2,36,-1,1,-1,2,4,1,110562.06,88853.51,202476.52,4148.51,197516.99,198384.95,3499.36,10809.01,43378.97,30091.27,40840.98,44798.45,1,0.3071168333333333,0.3712696944444444,0.2162474633157632,4,1.0,4,-2.666666666666667,36-45,0.6393288173421156,0.6,360000,138095.02454589694,Severe
3436,150000,2,4,3,24,2,0,3,1,2,-1,50656.62,65682.43,88473.06,75172.11,74869.3,57963.58,9643.57,6336.63,14102.99,12463.61,5192.42,13738.88,0,0.3377108,0.4586856666666666,0.1489233367513119,3,1.1666666666666667,4,1.0,18-25,0.4073091862788813,0.6,150000,36657.82676509932,Severe
944,90000,1,1,2,49,1,1,2,4,1,1,49059.97,36320.51,5379.73,28926.55,16731.36,13093.28,13371.9,2623.3,11720.63,9612.59,6451.14,6783.03,0,0.5451107777777778,0.2768729629629629,0.33818551628839,4,1.6666666666666667,6,-0.6666666666666667,46-55,0.690481267753711,0.6,90000,37285.98845870039,Severe
3660,90000,2,3,1,61,0,2,4,1,2,3,10349.4,13441.28,198.8,47252.99,45818.54,46729.57,10835.42,83.4,12590.57,9040.61,8699.28,10071.23,0,0.1149933333333333,0.3033158888888889,0.3133300462090065,4,2.0,5,0.0,56+,0.4868711438944591,0.6,90000,26291.041770300795,Severe
4376,150000,1,4,1,40,2,4,1,1,0,2,19789.34,38200.62,1909.7,81294.73,27861.02,84734.77,10573.32,16075.88,21388.03,20246.29,9780.23,4454.98,1,0.1319289333333333,0.2819890888888889,0.325145480412205,4,1.6666666666666667,5,1.3333333333333337,36-45,0.4946323302906122,0.6,150000,44516.9097261551,Severe
2820,200000,1,1,1,57,1,1,2,1,4,3,87947.22,29583.65,10041.43,47166.27,42770.1,76356.19,7011.97,17484.62,5092.61,2114.17,1196.43,2093.33,1,0.4397361,0.2448873833333333,0.1190789875318879,4,2.0,6,-1.3333333333333333,56+,0.7043457809259891,0.6,200000,84521.49371111869,Severe
797,360000,1,4,2,59,-1,3,0,2,0,3,34317.16,3658.48,130950.19,39751.7,53981.36,17018.26,6232.47,10529.03,17453.9,19782.2,3200.47,48233.48,0,0.0953254444444444,0.129480162037037,0.3769759166953754,3,1.1666666666666667,3,-1.0,56+,0.3893661117837948,0.6,360000,84103.08014529967,Severe
601,150000,2,4,3,35,0,1,1,1,-1,1,47052.03,19576.38,57077.33,42750.29,58830.91,3976.71,16083.25,7018.73,3352.86,5155.28,15644.12,2762.45,0,0.3136801999999999,0.2547373888888888,0.2181623209784891,1,0.5,4,0.3333333333333333,26-35,0.1955230527844823,0.6,150000,17597.074750603413,High
1178,50000,1,2,1,45,4,-1,1,-1,3,2,1469.63,8067.88,15331.43,25233.22,6928.78,10290.16,380.31,4792.96,2769.0,1390.85,6344.94,5454.33,1,0.0293926,0.2244036666666667,0.313904407384906,4,1.3333333333333333,4,0.0,36-45,0.4462192256523005,0.6,50000,13386.576769569014,Severe
4955,90000,1,2,1,43,3,-1,3,2,4,0,40887.93,37361.08,4686.73,21149.77,23262.92,9222.0,8587.25,10219.5,8533.19,4561.79,4726.83,11814.42,0,0.4543103333333333,0.2529082037037037,0.3547106060953312,4,1.8333333333333333,4,-0.3333333333333332,36-45,0.6194010642764854,0.6,90000,33447.657470930215,Severe
4778,200000,1,1,3,38,4,2,0,-1,0,4,89523.26,101130.59,22705.74,92498.59,4771.23,101705.62,143.07,5477.96,28170.62,4112.27,1934.3,26671.02,1,0.4476162999999999,0.3436125249999999,0.1612990290929199,4,1.5,3,1.0,36-45,0.6196441160233047,0.6,200000,74357.29392279657,Severe
1826,360000,2,3,2,43,3,0,4,1,3,2,93771.51,186630.24,31115.61,98917.49,96325.24,26335.25,27352.88,38539.29,32302.15,22535.04,36796.43,18126.8,1,0.2604764166666666,0.2468033981481481,0.3294956395604583,4,2.1666666666666665,5,0.3333333333333335,36-45,0.6067064999123895,0.6,360000,131048.60398107611,Severe
4402,20000,1,1,3,64,4,4,0,3,0,2,5558.91,1876.7,5154.36,4004.83,7023.85,4340.39,731.87,725.34,451.51,1188.5,2992.63,1529.38,1,0.2779455,0.232992,0.2725140062033603,4,2.1666666666666665,4,0.9999999999999998,56+,0.5303172272968187,0.6,20000,6363.806727561825,Severe
4017,50000,1,2,1,37,2,-1,4,-1,0,3,13388.61,15923.47,9099.45,2207.32,7155.19,25060.69,2235.81,4898.34,1904.94,5233.65,912.16,4109.94,1,0.2677722,0.2427824333333333,0.2649126316525097,4,1.1666666666666667,3,1.0,36-45,0.5275138448881006,0.6,50000,15825.415346643018,Severe
3128,360000,2,4,1,46,1,2,4,0,0,0,135071.71,21435.68,23696.68,77119.68,21668.12,132448.14,36233.6,36176.47,29318.49,3178.39,43021.76,28206.64,1,0.3751991944444444,0.1904814861111111,0.4280948515434851,4,1.1666666666666667,3,2.333333333333333,46-55,0.6202208597620046,0.6,360000,133967.70570859298,Severe
223,200000,1,1,2,61,4,3,-1,4,0,1,3448.78,80429.39,58874.1,38629.05,71997.31,4146.17,25252.36,3486.07,8956.54,15984.24,12435.79,29192.72,1,0.0172439,0.214604,0.3700914242045814,4,1.8333333333333333,4,0.3333333333333332,56+,0.4614133096499128,0.6,200000,55369.597157989534,Severe
2000,50000,2,1,3,58,3,1,2,0,3,0,17090.8,2711.05,14328.51,17207.66,20198.2,21476.31,4019.98,5756.97,4443.2,7153.38,2788.5,439.2,1,0.341816,0.3100417666666666,0.2644937192870681,3,1.5,4,1.0,56+,0.414327162409077,0.6,50000,12429.81487227231,Severe
166,200000,1,1,1,24,2,0,1,3,4,2,115276.26,96830.16,145.14,54236.05,10552.16,112757.73,12380.19,15542.86,269.17,20681.31,17576.55,5911.01,0,0.5763813,0.3248312499999999,0.1856376451875653,4,2.0,5,-2.0,18-25,0.7172248611330723,0.6,200000,86066.98333596867,Severe
4323,90000,1,2,1,57,1,-1,3,0,1,-1,26537.14,29164.69,20162.8,10927.43,5544.19,40126.92,4958.23,9594.88,275.54,4761.91,9841.75,8515.27,0,0.2948571111111111,0.2453021666666666,0.2864764598340807,3,0.5,3,1.0,56+,0.4086479687678151,0.6,90000,22066.99031346201,Severe
4076,20000,2,1,2,59,4,-1,0,4,1,1,10374.18,4513.82,3275.81,9537.4,1181.74,9161.39,1495.44,2734.69,1562.55,1160.51,1037.7,2922.94,1,0.518709,0.3170361666666666,0.2868713190976634,4,1.5,4,-1.0,56+,0.6425755776392618,0.6,20000,7710.906931671141,Severe
3736,50000,1,4,3,46,4,2,4,3,3,2,13876.34,4856.57,20412.01,7530.85,7693.24,23798.57,823.51,3609.29,1469.76,1528.02,3696.3,6156.73,1,0.2775268,0.2605586,0.2211096979080074,4,3.0,6,0.666666666666667,46-55,0.5498996467678914,0.6,50000,16496.98940303674,Severe
4599,360000,1,1,2,45,4,3,4,1,4,2,27050.97,123254.18,84911.66,28676.29,97281.19,98811.02,15570.14,50450.22,43529.49,41687.52,15018.79,8795.27,0,0.0751415833333333,0.212956162037037,0.380558740017154,4,3.0,6,1.333333333333333,36-45,0.5297184811014456,0.6,360000,114419.19191791223,Severe
3033,150000,2,1,2,49,4,2,2,4,4,3,87215.28,79892.22,79576.73,89470.48,41742.97,67978.69,2392.58,22246.88,1949.54,12238.26,13261.3,3518.66,1,0.5814352,0.4954181888888888,0.1247144359769503,4,3.1666666666666665,6,-1.0,46-55,0.6848644141400266,0.6,150000,61637.7972726024,Severe
395,200000,1,3,2,44,1,-1,-1,-1,4,3,76284.52,65789.01,84017.57,60147.71,100567.54,9478.21,14218.29,9012.4,21734.2,2620.37,18458.86,25642.52,1,0.3814226,0.3302371333333333,0.2313656630982544,4,0.8333333333333334,3,-2.333333333333333,36-45,0.6157749871775982,0.6,200000,73892.99846131177,Severe
4262,50000,1,4,2,33,0,4,3,4,3,4,2826.16,3406.26,7553.63,29160.25,8205.1,29546.97,152.42,5854.02,3000.92,1455.25,3541.4,3319.73,1,0.0565231999999999,0.2689945666666666,0.2146727375038678,4,3.0,5,-1.333333333333333,26-35,0.450745724830478,0.6,50000,13522.37174491434,Severe
2460,20000,1,2,3,54,4,4,2,0,-1,4,10786.99,4948.21,5263.14,9174.81,6518.48,1003.27,1410.96,2431.67,1291.39,590.24,878.31,1365.13,1,0.5393495,0.3141241666666667,0.2113734218687408,4,2.1666666666666665,4,2.333333333333333,46-55,0.6173223674966792,0.6,20000,7407.868409960151,Severe
3931,200000,2,1,2,59,4,-1,3,-1,0,-1,34310.55,52714.66,53878.48,25496.12,47783.51,15988.19,8604.72,10427.49,16700.99,103.02,23311.83,2824.71,1,0.17155275,0.1918095916666666,0.2692460070318868,4,0.6666666666666666,2,2.6666666666666665,56+,0.5154806096226167,0.6,200000,61857.673154714,Severe
2821,150000,1,4,1,27,1,0,-1,4,0,4,45996.0,35645.36,12212.4,46669.46,48146.66,54850.05,11110.05,17324.57,120.74,397.03,5274.56,8359.59,1,0.30664,0.2705777,0.1748790745792346,4,1.3333333333333333,3,-2.6666666666666665,26-35,0.5852929752072901,0.6,150000,52676.367768656106,Severe
2939,360000,2,4,1,24,0,4,-1,-1,1,4,156562.92,209420.1,55875.51,95385.8,175288.64,40437.45,30230.5,11911.72,22706.3,48169.63,16303.97,48805.43,1,0.434897,0.3393381574074073,0.2430214714531045,4,1.1666666666666667,3,-0.3333333333333332,18-25,0.6506772458754339,0.6,360000,140546.2851090937,Severe
2038,20000,2,3,1,44,1,3,2,0,1,1,754.43,11390.98,4012.0,4845.14,10990.67,6242.87,1087.13,400.99,1867.79,2180.65,10.91,1399.14,0,0.0377215,0.3186340833333334,0.1816767875585604,3,1.3333333333333333,5,1.3333333333333337,36-45,0.309667880568715,0.6,20000,3716.014566824581,High
4998,200000,2,2,1,36,0,-1,3,2,-1,3,13743.56,26258.66,4053.16,85238.45,98228.27,108787.44,14904.19,22541.07,19029.6,9920.24,14028.6,361.4,0,0.0687178,0.28025795,0.2402105512677398,3,1.0,3,-0.6666666666666666,36-45,0.3437821280356722,0.6,200000,41253.85536428066,High
1898,360000,1,1,2,35,4,0,1,-1,2,-1,188588.77,6698.27,193711.51,33233.03,150391.98,207044.84,3490.0,13237.59,51886.51,50090.68,45785.34,44327.18,0,0.5238576944444444,0.3609575925925926,0.2678283485645949,4,0.8333333333333334,3,1.6666666666666667,26-35,0.673878396059737,0.6,360000,145557.73354890317,Severe
3770,90000,2,2,1,58,-1,2,-1,1,3,0,24273.26,53664.43,31573.92,437.56,27424.09,18608.32,4280.79,3860.32,12277.0,4544.55,7653.25,12385.51,0,0.2697028888888889,0.2888547777777778,0.28850470677371,3,0.6666666666666666,3,-1.3333333333333333,56+,0.4072908658912932,0.6,90000,21993.706758129832,Severe
997,150000,1,1,3,58,1,1,0,3,2,-1,60199.53,5710.52,49368.36,50188.2,37570.78,27641.6,18479.79,11524.93,6109.22,7421.19,4765.39,6105.32,0,0.4013301999999999,0.2563099888888888,0.2358508679095569,3,1.0,4,-0.6666666666666666,56+,0.4903521829362465,0.6,150000,44131.69646426218,Severe
796,50000,1,1,2,29,2,0,-1,4,-1,2,25599.83,20617.98,29038.59,25203.68,16538.17,17479.39,3860.32,2395.75,605.98,5396.57,5160.13,1221.12,0,0.5119966,0.4482587999999999,0.1386094372268876,4,1.0,3,-1.3333333333333337,26-35,0.6210520801085885,0.6,50000,18631.56240325765,Severe
4528,20000,1,2,1,43,0,2,4,3,4,0,5334.59,9949.77,124.46,5210.7,9624.34,5397.67,1300.62,2846.31,1373.6,819.37,1061.26,852.97,0,0.2667295,0.29701275,0.2315874206298102,4,2.1666666666666665,4,-0.3333333333333335,36-45,0.5261283673296104,0.6,20000,6313.540407955325,Severe
3740,200000,2,4,1,40,4,2,2,1,2,3,53874.14,55675.53,41541.24,110479.48,101265.96,21380.8,26744.36,7494.58,29383.06,11856.66,22531.7,17085.01,1,0.2693707,0.3201809583333334,0.2995581274807748,4,2.333333333333333,6,0.6666666666666665,36-45,0.5771996742757102,0.6,200000,69263.96091308522,Severe
2276,90000,1,2,3,30,0,0,3,4,3,0,25967.31,53951.14,543.47,40795.28,4303.21,53503.88,7191.43,12896.07,672.32,3822.24,11382.24,4813.14,1,0.2885256666666667,0.331600537037037,0.2277251371560459,4,1.6666666666666667,3,-1.3333333333333337,26-35,0.5323725485187031,0.6,90000,28748.117620009965,Severe
4325,360000,1,3,3,38,2,-1,4,-1,3,2,115465.01,28185.32,126058.93,163304.93,171280.3,215728.53,14839.85,7928.28,49161.89,52278.72,30093.84,42346.16,1,0.3207361388888888,0.379640287037037,0.2398088043918572,4,1.5,4,0.3333333333333335,36-45,0.5992324657854285,0.6,360000,129434.21260965258,Severe
2712,20000,1,1,1,30,2,1,1,-1,1,1,3829.24,7993.18,8908.55,7636.91,11957.57,3235.12,2416.52,2365.5,8.21,2577.6,1896.91,205.53,1,0.191462,0.36300475,0.2174046391036664,2,0.8333333333333334,5,1.0,26-35,0.2401614889752422,0.6,20000,2881.9378677029063,High
3410,90000,1,1,1,53,4,1,1,0,-1,3,19558.24,38108.27,44586.11,52432.04,2126.58,23327.81,10312.28,11718.07,1209.12,12381.13,772.06,13316.37,1,0.2173137777777778,0.3335908333333333,0.2759481078644525,4,1.3333333333333333,4,1.3333333333333337,46-55,0.5129961698700272,0.6,90000,27701.793172981463,Severe
4832,20000,2,2,3,56,0,1,3,3,2,4,6678.0,3810.67,7272.0,10395.43,3993.56,3933.34,1461.63,2951.64,2496.75,985.99,55.48,2656.48,0,0.3339,0.3006916666666666,0.2939880276030263,4,2.1666666666666665,5,-1.6666666666666667,56+,0.5742334192872011,0.6,20000,6890.801031446413,Severe
109,90000,2,3,3,35,1,-1,1,0,-1,0,6343.4,24904.8,9438.01,14372.65,34455.22,13068.44,3274.0,6240.33,1392.77,2073.52,536.06,11094.11,0,0.0704822222222222,0.1899676296296296,0.2399121214803457,1,0.0,2,0.6666666666666666,26-35,0.1241370069418975,0.6,90000,6703.39837486247,Medium
1207,150000,1,1,2,52,-1,4,0,4,1,4,72149.87,35215.12,10084.72,12582.6,29020.69,67228.52,9528.39,14701.98,16278.35,14732.35,102.86,5655.27,0,0.4809991333333333,0.2514239111111111,0.269572168332615,4,2.0,4,-2.0,46-55,0.6620555235601869,0.6,150000,59584.99712041682,Severe
3282,200000,1,2,3,38,2,1,3,3,3,3,55962.03,73510.78,83302.73,100518.55,41690.43,92715.11,11609.1,21645.46,27607.72,29806.94,25291.47,18900.74,0,0.27981015,0.3730830249999999,0.3012319442837154,3,2.5,6,-1.0,36-45,0.4257401317825847,0.6,200000,51088.81581391016,Severe
3785,360000,2,2,2,32,3,0,1,-1,-1,3,195924.11,81880.14,198637.3,138241.69,154421.81,130595.4,52944.1,24455.26,18828.0,7691.84,42604.35,4267.94,0,0.5442336388888889,0.4165279861111111,0.1676018834935561,3,0.8333333333333334,3,1.0,26-35,0.5463401650420692,0.6,360000,118009.47564908692,Severe
3947,20000,2,4,1,24,1,1,1,1,2,-1,7520.58,1585.11,4063.25,10520.4,2387.51,442.38,2131.22,533.53,2306.1,662.2,375.53,1096.53,0,0.376029,0.2209935833333333,0.267922937430687,2,0.8333333333333334,5,0.3333333333333333,18-25,0.3220350286167324,0.6,20000,3864.4203434007886,High
3600,150000,1,1,1,51,2,1,4,0,3,4,59937.8,77578.66,61618.59,48771.43,53980.5,53385.03,8739.61,1556.09,15346.18,5646.52,9663.54,2140.07,1,0.3995853333333333,0.3947466777777778,0.1212930058858281,4,2.333333333333333,5,0.0,46-55,0.6207158962825988,0.6,150000,55864.43066543389,Severe
4927,90000,2,1,3,46,2,1,3,0,1,0,4616.57,10807.29,7169.15,49491.6,49929.98,49447.03,10826.02,11104.88,8358.54,10389.83,3275.28,2769.74,1,0.0512952222222222,0.3175215185185185,0.2725058237522776,3,1.1666666666666667,4,1.6666666666666667,46-55,0.3039192931999793,0.6,90000,16411.641832798883,High
315,50000,2,4,1,39,-1,4,1,-1,1,3,9065.89,11971.91,29835.11,23734.97,16564.09,5995.4,4168.92,720.84,7385.62,6905.83,1899.08,4101.26,0,0.1813178,0.3238912333333333,0.2591564431557631,4,1.1666666666666667,4,0.3333333333333332,36-45,0.4948138357094144,0.6,50000,14844.415071282432,Severe
4697,20000,2,2,2,39,4,1,0,4,2,2,7158.65,851.32,1466.09,3522.05,11479.87,10624.0,2031.45,1378.05,216.72,2492.35,1762.49,1799.77,1,0.3579325,0.2925165,0.2757915650342231,4,2.1666666666666665,5,-0.9999999999999998,36-45,0.5844735890417669,0.6,20000,7013.683068501203,Severe
38,200000,2,2,1,45,-1,-1,1,3,0,0,75369.78,85919.15,17850.15,11647.42,83938.53,84621.54,5252.71,26044.83,25965.37,27194.04,19651.68,205.7,0,0.3768489,0.299455475,0.2902889263698829,3,0.3333333333333333,2,-1.3333333333333333,36-45,0.4593656590419254,0.6,200000,55123.87908503105,Severe
277,90000,2,3,3,31,3,-1,1,4,-1,4,51160.63,41913.67,16500.56,1918.53,6364.53,39817.32,7798.14,2506.81,3845.61,7058.0,11890.85,7737.94,1,0.5684514444444444,0.2919911851851852,0.2589965932507856,4,1.6666666666666667,4,-1.3333333333333337,26-35,0.670715411753362,0.6,90000,36218.63223468155,Severe
3847,200000,1,2,3,31,0,1,2,2,1,3,75395.78,2631.22,48587.55,30250.83,109128.4,30024.75,29320.41,4780.05,1252.98,15162.53,11569.14,17055.22,0,0.3769789,0.2466821083333333,0.267349243305816,3,1.5,5,-1.0,26-35,0.4944127230373049,0.6,200000,59329.52676447659,Severe
22,90000,1,3,3,41,-1,-1,3,1,1,0,24191.51,46785.36,41617.78,24393.57,37410.46,20376.03,2786.33,4112.88,10402.37,6408.24,4998.35,7750.25,1,0.2687945555555555,0.3606939074074073,0.1871825146088011,3,0.5,3,-0.3333333333333333,36-45,0.3836494168177357,0.6,90000,20717.06850815773,Severe
4969,20000,1,4,3,31,3,2,2,3,3,-1,1144.42,659.53,2072.19,2128.89,1852.03,11320.51,1856.13,108.64,2452.8,447.83,528.5,124.59,1,0.057221,0.1598130833333333,0.2877575208955045,3,2.0,5,0.6666666666666667,26-35,0.3152527473043169,0.6,20000,3783.032967651803,High
2938,200000,2,4,3,40,0,1,2,4,2,-1,32653.47,8219.78,113385.45,2676.18,55945.61,112226.57,12859.59,14424.95,28599.75,1495.19,13941.85,19515.84,1,0.16326735,0.27092255,0.2794069436695715,4,1.3333333333333333,4,-0.6666666666666667,36-45,0.5268296795220337,0.6,200000,63219.56154264404,Severe
1269,360000,2,4,1,33,0,3,3,2,2,-1,141685.79,46345.53,193128.14,133895.88,204193.72,44681.21,36673.73,34968.38,12855.6,32813.71,32141.01,51403.07,0,0.3935716388888889,0.3536714212962963,0.2629238660748448,3,1.5,4,1.0,26-35,0.4868969347392839,0.6,360000,105169.73790368532,Severe
4591,200000,2,1,2,31,2,0,0,-1,0,0,111980.92,7243.47,11844.75,38403.61,59678.3,96207.75,15091.91,28673.28,9047.33,2982.7,17589.5,11376.16,1,0.5599046,0.2711323333333333,0.2605150990229863,2,0.1666666666666666,1,1.0,26-35,0.3676110345557565,0.6,200000,44113.32414669079,Severe
4984,90000,2,2,1,58,-1,3,-1,-1,3,0,11535.61,30487.61,780.15,8041.19,6449.53,5100.46,6397.5,11784.53,10990.03,11494.33,2521.05,9574.3,0,0.1281734444444444,0.1155454629629629,0.8456145608871288,3,0.5,2,-0.3333333333333333,56+,0.3012440000093613,0.6,90000,16267.176000505511,High
3559,50000,2,4,1,46,3,3,-1,0,2,1,6690.25,18976.21,10461.84,22866.9,15977.55,13753.61,1486.69,6036.5,6089.16,2512.71,3202.5,5757.66,0,0.133805,0.2957545333333333,0.282725674760015,3,1.3333333333333333,4,0.6666666666666667,46-55,0.3301453271516533,0.6,50000,9904.359814549598,High
162,150000,1,2,2,22,-1,1,0,3,-1,0,28565.15,19704.58,56823.47,42536.62,10425.76,80327.43,7324.74,1198.19,11805.83,22115.91,15613.69,18283.91,1,0.1904343333333333,0.2648700111111111,0.3202504658364705,3,0.3333333333333333,2,-0.6666666666666666,18-25,0.3591047566057537,0.6,150000,32319.428094517836,Severe
323,150000,1,1,1,51,2,4,2,1,1,3,77220.11,48039.83,40675.87,25944.3,87126.61,75513.42,6318.61,18550.39,12949.22,4827.72,13144.62,21766.8,1,0.5148007333333333,0.3939112666666666,0.2187671481795082,4,2.1666666666666665,6,0.9999999999999998,46-55,0.6680156195749795,0.6,150000,60121.40576174815,Severe
12,360000,1,3,1,23,-1,0,2,1,3,2,142386.44,213721.19,45575.58,122775.8,193257.57,29247.61,52008.15,7737.82,5404.49,6616.98,30324.07,19307.15,1,0.3955178888888889,0.3458167546296296,0.1625227308420233,3,1.1666666666666667,4,-1.6666666666666667,18-25,0.5227341502422249,0.6,360000,112910.5764523206,Severe
1834,20000,2,4,2,48,4,3,0,4,-1,2,8841.56,5399.17,11144.91,8303.58,375.47,2398.57,352.6,1061.29,2285.87,1461.17,2386.56,1380.9,1,0.4420779999999999,0.3038605,0.244859894589787,4,2.0,4,0.6666666666666667,46-55,0.5890147748425817,0.6,20000,7068.177298110981,Severe
2515,20000,2,2,3,33,1,1,1,1,1,4,6973.19,8593.43,10300.03,8464.43,7019.4,8818.11,2057.0,2921.24,359.23,2376.96,744.53,361.11,1,0.3486594999999999,0.4180715833333334,0.1758086085337458,4,1.5,6,-1.0,26-35,0.5906251385410121,0.6,20000,7087.5016624921445,Severe
4393,20000,2,4,2,39,0,2,1,-1,4,3,3718.59,4689.03,5202.51,10360.83,1951.22,1517.67,103.42,724.87,2663.51,961.81,1424.49,1288.41,0,0.1859295,0.2286654166666666,0.2611716171917849,4,1.5,4,-1.0,36-45,0.5111892560558212,0.6,20000,6134.271072669854,Severe
1677,20000,2,1,3,56,-1,3,4,1,1,3,2367.24,6076.48,1378.13,5891.85,7963.52,5539.3,1605.85,2790.07,2174.65,2581.44,2808.81,787.43,1,0.118362,0.243471,0.4363370449321137,4,1.8333333333333333,5,0.3333333333333332,56+,0.4707189217214859,0.6,20000,5648.62706065783,Severe
3879,50000,2,3,3,36,4,2,1,2,0,3,16704.7,18061.07,5640.2,5308.5,16248.83,18858.29,7470.97,1132.66,3668.33,6646.5,6680.23,2055.5,1,0.334094,0.2694053,0.3421633996559582,4,2.0,5,0.6666666666666667,36-45,0.5616673662854598,0.6,50000,16850.020988563792,Severe
1118,150000,2,3,3,30,1,-1,4,2,-1,-1,5169.33,15346.62,23651.65,38857.71,51281.6,55174.22,14076.15,9351.8,11173.09,15660.92,8454.61,4395.68,1,0.0344622,0.2105345888888889,0.3330793414626564,4,0.6666666666666666,3,1.3333333333333333,26-35,0.4467335648749793,0.6,150000,40206.02083874813,Severe
2159,200000,1,1,3,27,1,2,1,2,-1,3,42575.23,11266.52,103667.32,26248.02,97428.14,113180.87,20309.24,22341.76,15267.34,1942.24,28967.25,6901.5,1,0.21287615,0.3286384166666666,0.2427422894614927,3,1.3333333333333333,5,0.0,26-35,0.4087591523696179,0.6,200000,49051.09828435414,Severe
3692,150000,1,3,2,62,1,-1,1,3,1,1,36850.51,52162.89,27775.69,62937.95,79312.57,4489.36,16271.59,19374.86,13498.21,16474.45,4473.06,6740.72,1,0.2456700666666667,0.2928099666666666,0.2915538659753423,3,1.0,5,-1.3333333333333337,56+,0.4283331477281977,0.6,150000,38549.98329553779,Severe
4569,50000,1,1,2,38,2,-1,1,3,1,0,6263.18,27199.86,3652.39,6638.22,28197.77,1485.66,4956.25,3973.2,1138.71,3744.6,1188.96,807.07,1,0.1252636,0.2447902666666666,0.2152698609476303,3,1.0,4,-0.6666666666666666,36-45,0.3583813878349482,0.6,50000,10751.441635048446,Severe
4863,360000,2,4,1,59,0,3,0,1,-1,1,119679.93,160676.24,60729.64,81473.92,150371.36,77482.17,48572.38,30155.85,41625.39,45000.88,26444.36,21547.72,1,0.33244425,0.30111725,0.3280169595558368,3,0.6666666666666666,3,0.6666666666666667,56+,0.4641246085311237,0.6,360000,100250.91544272272,Severe
4398,50000,2,1,2,44,1,1,-1,-1,-1,4,14117.36,18793.12,18749.87,13811.23,13586.61,9035.45,944.2,3995.36,1396.59,5652.07,545.67,6353.44,1,0.2823472,0.2936454666666666,0.214400608261845,4,0.5,3,-0.3333333333333333,36-45,0.5551879132862657,0.6,50000,16655.637398587973,Severe
3158,360000,2,1,2,27,1,1,-1,2,1,3,28548.93,19447.93,207365.72,151206.67,15364.11,76058.29,48214.2,38983.13,39552.05,52034.39,51502.06,2633.68,0,0.0793025833333333,0.2305516898148147,0.4677177016923878,3,1.1666666666666667,5,-1.6666666666666667,26-35,0.4015350956173146,0.6,360000,86731.58065333996,Severe
3625,200000,1,1,3,31,0,3,-1,2,-1,2,73874.59,102926.97,10394.19,2401.34,85856.85,58087.85,26219.88,10956.17,28028.41,27616.39,908.17,17980.08,1,0.36937295,0.2779514916666666,0.3349178524226305,3,0.8333333333333334,3,-0.3333333333333333,26-35,0.4489714858978427,0.6,200000,53876.57830774113,Severe
3339,360000,2,3,2,49,3,3,2,1,4,0,186386.05,203908.13,171623.34,56011.69,67608.77,169656.6,8223.73,23447.08,16091.69,18320.25,44921.41,28091.55,0,0.5177390277777777,0.3959234166666666,0.1626480256691991,4,2.1666666666666665,5,0.9999999999999998,46-55,0.6942341949490325,0.6,360000,149954.586108991,Severe
1614,200000,2,3,1,23,4,3,2,2,2,4,2847.48,76661.67,44642.65,22037.86,111141.1,31930.1,16786.78,10042.79,11995.63,10529.68,10153.88,28493.67,0,0.0142374,0.2410507166666666,0.3042320692816857,4,2.833333333333333,6,0.3333333333333335,18-25,0.4794970003269044,0.6,200000,57539.640039228536,Severe
3788,20000,1,1,3,49,4,0,1,-1,4,3,3662.64,8888.79,2158.63,8166.77,722.34,2062.59,2475.88,124.5,1931.64,2236.03,2995.38,2013.41,1,0.183132,0.213848,0.4589256543588592,4,1.8333333333333333,4,-0.3333333333333332,46-55,0.4825327598808762,0.6,20000,5790.393118570515,Severe
4573,90000,1,2,1,28,1,4,4,0,-1,2,53120.9,18286.43,50582.67,48001.21,31864.15,2597.9,13023.95,7613.83,2637.6,3433.22,3546.8,8444.43,1,0.5902322222222223,0.378617148148148,0.1892844848744402,4,1.6666666666666667,4,2.6666666666666665,26-35,0.6493229267388746,0.6,90000,35063.43804389923,Severe
1343,20000,2,3,3,49,-1,3,1,0,3,-1,514.99,805.78,3671.49,8294.96,9962.85,4351.05,2821.8,2865.06,1484.5,217.32,510.05,452.45,0,0.0257495,0.2300093333333333,0.302566707437959,3,0.8333333333333334,3,0.3333333333333333,46-55,0.2855750417650776,0.6,20000,3426.900501180932,High
20,90000,1,3,1,49,3,1,-1,-1,3,2,44782.61,51304.89,2668.9,567.05,53824.3,34684.19,10009.53,5651.75,154.6,11385.07,10179.09,5474.04,0,0.4975845555555556,0.3478369259259259,0.2281511866405681,3,1.1666666666666667,4,-0.3333333333333332,46-55,0.4934114027890968,0.6,90000,26644.215750611227,Severe
2853,20000,1,2,1,31,4,3,3,3,1,1,7848.22,6071.09,6750.49,1351.38,3090.81,188.35,1588.71,1713.87,1964.54,1267.14,1625.6,188.28,0,0.392411,0.2108361666666667,0.3299615736389313,4,2.5,6,1.6666666666666667,26-35,0.6007711915311101,0.6,20000,7209.254298373321,Severe
1585,150000,1,1,3,53,1,3,0,0,4,-1,13280.79,6171.68,2577.2,6188.0,16819.9,35391.54,6352.69,5611.49,19845.93,4301.07,21636.28,18537.58,1,0.0885386,0.0893656777777777,0.9484754959988988,4,1.1666666666666667,3,0.3333333333333332,46-55,0.4240271556302177,0.6,150000,38162.44400671959,Severe
2897,150000,1,2,2,59,4,-1,-1,3,3,2,21172.08,78364.85,43421.92,46060.22,19217.86,17288.29,16880.32,13948.69,18722.24,105.5,16010.37,9678.31,1,0.1411472,0.2505835777777778,0.3340887107880883,4,1.6666666666666667,4,-2.0,56+,0.5158402220329933,0.6,150000,46425.619982969394,Severe
4137,360000,1,2,1,48,-1,3,-1,1,1,0,47338.76,167212.54,7681.64,167669.88,104196.89,144112.38,27418.81,42133.62,35865.47,44948.26,27940.83,7514.35,1,0.1314965555555555,0.2954685601851852,0.2911592289014769,3,0.5,3,-0.3333333333333333,46-55,0.3946051595370368,0.6,360000,85234.71445999996,Severe
3683,50000,2,4,1,21,3,-1,0,-1,4,-1,23461.58,3160.55,24232.73,7193.36,17552.33,6532.66,3338.85,4277.58,1669.04,694.81,1058.12,4912.51,0,0.4692316,0.2737773666666667,0.1942077997438551,4,0.6666666666666666,2,0.0,18-25,0.6073930772678274,0.6,50000,18221.792318034823,Severe
4142,360000,2,1,3,34,4,4,4,1,2,1,133255.81,164816.95,3888.61,90367.08,79050.19,175912.99,45904.41,16680.23,41302.47,44899.55,53676.96,12126.41,1,0.3701550277777777,0.2996720509259259,0.3315198591398439,4,2.6666666666666665,6,2.666666666666667,26-35,0.6376329386452823,0.6,360000,137728.71474738096,Severe
624,90000,1,3,2,59,2,4,4,0,3,2,33185.58,13838.95,39806.1,13034.08,45637.65,33511.75,1063.56,8087.75,8763.49,8102.45,12352.51,5931.37,1,0.3687286666666667,0.3315076111111111,0.2474728388728687,4,2.5,5,1.6666666666666667,56+,0.5704978210088184,0.6,90000,30806.882334476195,Severe
1841,90000,2,1,1,33,2,0,-1,2,-1,-1,17901.39,13585.3,9052.41,35672.11,48186.09,44617.02,4450.72,2131.33,5154.57,5299.63,3668.85,5035.12,1,0.1989043333333333,0.3129894814814814,0.1522960894674487,2,0.1666666666666666,2,0.3333333333333333,26-35,0.2423807323881081,0.6,90000,13088.55954895784,High
1886,50000,1,2,2,22,1,0,-1,4,4,0,26363.52,26886.13,26344.62,17612.01,8451.49,6682.38,1985.14,7218.62,6413.41,5828.21,5380.19,974.29,1,0.5272704,0.3744671666666667,0.2474614819367786,4,1.3333333333333333,3,-2.6666666666666665,18-25,0.6288515970484192,0.6,50000,18865.547911452577,Severe
4581,50000,1,3,2,40,-1,4,-1,0,2,1,11678.59,17683.47,24356.13,28055.1,19068.82,7724.53,3341.31,4572.29,106.54,3780.98,4169.63,1590.3,1,0.2335718,0.3618888,0.1617536473450776,4,0.8333333333333334,3,-0.3333333333333333,36-45,0.5085271416955139,0.6,50000,15255.814250865418,Severe
2049,200000,1,2,2,56,4,3,0,2,2,4,13154.3,100640.63,27864.53,51615.96,102581.44,14869.92,28067.05,29158.37,16292.32,5095.87,20007.69,1324.42,1,0.0657715,0.2589389833333333,0.3216514521213781,4,2.5,5,-0.333333333333333,56+,0.4873226819240754,0.6,200000,58478.72183088904,Severe
